area,role,remainingHours,plannedHours,varianceHours,shiftHours,plannedShiftHours,workerDays,shift,date,headCount,projectCode,companyCode
"General Project","Ironworker","","","","10","0","0","Night",2025-03-10 00:00:00.000,3,"1902","HSK"
"General Project","Ironworker","","","","10","0","0","Night",2025-03-11 00:00:00.000,3,"1902","HSK"
"General Project","Ironworker","","","","10","0","0","Night",2025-03-12 00:00:00.000,3,"1902","HSK"
"General Project","Ironworker","","","","10","0","0","Night",2025-03-13 00:00:00.000,3,"1902","HSK"
"General Project","Ironworker","","","","10","0","0","Night",2025-03-14 00:00:00.000,3,"1902","HSK"
"General Project","Ironworker","","","","10","0","0","Night",2025-03-17 00:00:00.000,3,"1902","HSK"
"General Project","Ironworker","","","","10","0","0","Night",2025-03-18 00:00:00.000,3,"1902","HSK"
"General Project","Ironworker","","","","10","0","0","Night",2025-03-19 00:00:00.000,3,"1902","HSK"
"General Project","Ironworker","","","","10","0","0","Night",2025-03-20 00:00:00.000,3,"1902","HSK"
"General Project","Ironworker","","","","10","0","0","Night",2025-03-21 00:00:00.000,3,"1902","HSK"
"General Project","Ironworker","","","","10","0","0","Night",2025-03-24 00:00:00.000,3,"1902","HSK"
"General Project","Ironworker","","","","10","0","0","Night",2025-03-25 00:00:00.000,3,"1902","HSK"
"General Project","Ironworker","","","","10","0","0","Night",2025-03-26 00:00:00.000,3,"1902","HSK"
"General Project","Ironworker","","","","10","0","0","Night",2025-03-27 00:00:00.000,3,"1902","HSK"
"General Project","Ironworker","","","","10","0","0","Night",2025-03-28 00:00:00.000,3,"1902","HSK"
"General Project","Ironworker","","","","10","0","0","Night",2025-03-31 00:00:00.000,3,"1902","HSK"
"General Project","Ironworker","","","","10","0","0","Night",2025-04-01 00:00:00.000,3,"1902","HSK"
"General Project","Ironworker","","","","10","0","0","Night",2025-04-02 00:00:00.000,3,"1902","HSK"
"General Project","Ironworker","","","","10","0","0","Night",2025-04-03 00:00:00.000,3,"1902","HSK"
"General Project","Ironworker","","","","10","0","0","Night",2025-04-04 00:00:00.000,3,"1902","HSK"
"General Project","Ironworker","","","","10","0","0","Night",2025-04-05 00:00:00.000,3,"1902","HSK"
"General Project","Ironworker","","","","10","0","0","Night",2025-04-07 00:00:00.000,3,"1902","HSK"
"General Project","Ironworker","","","","10","0","0","Night",2025-04-08 00:00:00.000,3,"1902","HSK"
"General Project","Ironworker","","","","10","0","0","Night",2025-04-09 00:00:00.000,3,"1902","HSK"
"General Project","Ironworker","","","","10","0","0","Night",2025-04-10 00:00:00.000,3,"1902","HSK"
"General Project","Ironworker","","","","10","0","0","Night",2025-04-11 00:00:00.000,3,"1902","HSK"
"General Project","Ironworker","","","","10","0","0","Night",2025-04-12 00:00:00.000,3,"1902","HSK"
"General Project","Ironworker","","","","10","0","0","Night",2025-04-14 00:00:00.000,3,"1902","HSK"
"General Project","Ironworker","","","","10","0","0","Night",2025-04-15 00:00:00.000,3,"1902","HSK"
"General Project","Ironworker","","","","10","0","0","Night",2025-04-16 00:00:00.000,3,"1902","HSK"
"General Project","Ironworker","","","","10","0","0","Night",2025-04-17 00:00:00.000,3,"1902","HSK"
"General Project","Ironworker","","","","10","0","0","Night",2025-04-18 00:00:00.000,3,"1902","HSK"
"General Project","Ironworker","","","","10","0","0","Night",2025-04-21 00:00:00.000,3,"1902","HSK"
"General Project","Ironworker","","","","10","0","0","Night",2025-04-22 00:00:00.000,3,"1902","HSK"
"General Project","Ironworker","","","","10","0","0","Night",2025-04-23 00:00:00.000,3,"1902","HSK"
"General Project","Ironworker","","","","10","0","0","Night",2025-04-24 00:00:00.000,3,"1902","HSK"
"General Project","Ironworker","","","","10","0","0","Night",2025-04-25 00:00:00.000,3,"1902","HSK"
"General Project","Ironworker","","","","10","0","0","Night",2025-04-28 00:00:00.000,3,"1902","HSK"
"General Project","Ironworker","","","","10","0","0","Night",2025-04-29 00:00:00.000,3,"1902","HSK"
"General Project","Ironworker","","","","10","0","0","Night",2025-04-30 00:00:00.000,3,"1902","HSK"
"General Project","Ironworker","","","","10","0","0","Night",2025-05-01 00:00:00.000,3,"1902","HSK"
"General Project","Ironworker","","","","10","0","0","Night",2025-05-02 00:00:00.000,3,"1902","HSK"
"General Project","Ironworker","","","","10","0","0","Night",2025-05-05 00:00:00.000,3,"1902","HSK"
"General Project","Ironworker","","","","10","0","0","Night",2025-05-06 00:00:00.000,3,"1902","HSK"
"General Project","Ironworker","","","","10","0","0","Night",2025-05-07 00:00:00.000,3,"1902","HSK"
"General Project","Ironworker","","","","10","0","0","Night",2025-05-08 00:00:00.000,3,"1902","HSK"
"General Project","Ironworker","","","","10","0","0","Night",2025-05-09 00:00:00.000,3,"1902","HSK"
"General Project","Ironworker","","","","10","0","0","Night",2025-05-12 00:00:00.000,3,"1902","HSK"
"General Project","Ironworker","","","","10","0","0","Night",2025-05-13 00:00:00.000,3,"1902","HSK"
"General Project","Ironworker","","","","10","0","0","Night",2025-05-14 00:00:00.000,3,"1902","HSK"
"General Project","Ironworker","","","","10","0","0","Night",2025-05-15 00:00:00.000,3,"1902","HSK"
"General Project","Ironworker","","","","10","0","0","Night",2025-05-16 00:00:00.000,3,"1902","HSK"
"General Project","Boilermaker","","","","10","0","0","Night",2025-03-10 00:00:00.000,3,"1902","HSK"
"General Project","Boilermaker","","","","10","0","0","Night",2025-03-11 00:00:00.000,3,"1902","HSK"
"General Project","Boilermaker","","","","10","0","0","Night",2025-03-12 00:00:00.000,3,"1902","HSK"
"General Project","Boilermaker","","","","10","0","0","Night",2025-03-13 00:00:00.000,3,"1902","HSK"
"General Project","Boilermaker","","","","10","0","0","Night",2025-03-14 00:00:00.000,3,"1902","HSK"
"General Project","Boilermaker","","","","10","0","0","Night",2025-03-17 00:00:00.000,3,"1902","HSK"
"General Project","Boilermaker","","","","10","0","0","Night",2025-03-18 00:00:00.000,3,"1902","HSK"
"General Project","Boilermaker","","","","10","0","0","Night",2025-03-19 00:00:00.000,3,"1902","HSK"
"General Project","Boilermaker","","","","10","0","0","Night",2025-03-20 00:00:00.000,3,"1902","HSK"
"General Project","Boilermaker","","","","10","0","0","Night",2025-03-21 00:00:00.000,3,"1902","HSK"
"General Project","Boilermaker","","","","10","0","0","Night",2025-03-24 00:00:00.000,3,"1902","HSK"
"General Project","Boilermaker","","","","10","0","0","Night",2025-03-25 00:00:00.000,3,"1902","HSK"
"General Project","Boilermaker","","","","10","0","0","Night",2025-03-26 00:00:00.000,3,"1902","HSK"
"General Project","Boilermaker","","","","10","0","0","Night",2025-03-27 00:00:00.000,3,"1902","HSK"
"General Project","Boilermaker","","","","10","0","0","Night",2025-03-28 00:00:00.000,3,"1902","HSK"
"General Project","Boilermaker","","","","10","0","0","Night",2025-03-31 00:00:00.000,3,"1902","HSK"
"General Project","Boilermaker","","","","10","0","0","Night",2025-04-01 00:00:00.000,3,"1902","HSK"
"General Project","Boilermaker","","","","10","0","0","Night",2025-04-02 00:00:00.000,3,"1902","HSK"
"General Project","Boilermaker","","","","10","0","0","Night",2025-04-03 00:00:00.000,3,"1902","HSK"
"General Project","Boilermaker","","","","10","0","0","Night",2025-04-04 00:00:00.000,3,"1902","HSK"
"General Project","Boilermaker","","","","10","0","0","Night",2025-04-05 00:00:00.000,3,"1902","HSK"
"General Project","Boilermaker","","","","10","0","0","Night",2025-04-07 00:00:00.000,3,"1902","HSK"
"General Project","Boilermaker","","","","10","0","0","Night",2025-04-08 00:00:00.000,3,"1902","HSK"
"General Project","Boilermaker","","","","10","0","0","Night",2025-04-09 00:00:00.000,3,"1902","HSK"
"General Project","Boilermaker","","","","10","0","0","Night",2025-04-10 00:00:00.000,3,"1902","HSK"
"General Project","Boilermaker","","","","10","0","0","Night",2025-04-11 00:00:00.000,3,"1902","HSK"
"General Project","Boilermaker","","","","10","0","0","Night",2025-04-12 00:00:00.000,3,"1902","HSK"
"General Project","Boilermaker","","","","10","0","0","Night",2025-04-14 00:00:00.000,3,"1902","HSK"
"General Project","Boilermaker","","","","10","0","0","Night",2025-04-15 00:00:00.000,3,"1902","HSK"
"General Project","Boilermaker","","","","10","0","0","Night",2025-04-16 00:00:00.000,3,"1902","HSK"
"General Project","Boilermaker","","","","10","0","0","Night",2025-04-17 00:00:00.000,3,"1902","HSK"
"General Project","Boilermaker","","","","10","0","0","Night",2025-04-18 00:00:00.000,3,"1902","HSK"
"General Project","Boilermaker","","","","10","0","0","Night",2025-04-21 00:00:00.000,3,"1902","HSK"
"General Project","Boilermaker","","","","10","0","0","Night",2025-04-22 00:00:00.000,3,"1902","HSK"
"General Project","Boilermaker","","","","10","0","0","Night",2025-04-23 00:00:00.000,3,"1902","HSK"
"General Project","Boilermaker","","","","10","0","0","Night",2025-04-24 00:00:00.000,3,"1902","HSK"
"General Project","Boilermaker","","","","10","0","0","Night",2025-04-25 00:00:00.000,3,"1902","HSK"
"General Project","Pipefitter","","","","10","2210","221","Night",2025-06-02 00:00:00.000,3,"1902","HSK"
"General Project","Pipefitter","","","","10","2210","221","Night",2025-06-03 00:00:00.000,3,"1902","HSK"
"General Project","Pipefitter","","","","10","2210","221","Night",2025-06-04 00:00:00.000,3,"1902","HSK"
"General Project","Pipefitter","","","","10","2210","221","Night",2025-06-05 00:00:00.000,3,"1902","HSK"
"General Project","Pipefitter","","","","10","2210","221","Night",2025-06-06 00:00:00.000,3,"1902","HSK"
"General Project","Pipefitter","","","","10","2210","221","Night",2025-06-07 00:00:00.000,3,"1902","HSK"
"General Project","Pipefitter","","","","10","2210","221","Night",2025-06-09 00:00:00.000,3,"1902","HSK"
"General Project","Pipefitter","","","","10","2210","221","Night",2025-06-10 00:00:00.000,3,"1902","HSK"
"General Project","Pipefitter","","","","10","2210","221","Night",2025-06-11 00:00:00.000,3,"1902","HSK"
"General Project","Pipefitter","","","","10","2210","221","Night",2025-06-12 00:00:00.000,3,"1902","HSK"
"General Project","Pipefitter","","","","10","2210","221","Night",2025-06-13 00:00:00.000,3,"1902","HSK"
"General Project","Pipefitter","","","","10","2210","221","Night",2025-06-14 00:00:00.000,3,"1902","HSK"
"General Project","Pipefitter","","","","10","2210","221","Night",2025-06-16 00:00:00.000,3,"1902","HSK"
"General Project","Pipefitter","","","","10","2210","221","Night",2025-06-17 00:00:00.000,3,"1902","HSK"
"General Project","Pipefitter","","","","10","2210","221","Night",2025-06-18 00:00:00.000,3,"1902","HSK"
"General Project","Pipefitter","","","","10","2210","221","Night",2025-06-19 00:00:00.000,3,"1902","HSK"
"General Project","Pipefitter","","","","10","2210","221","Night",2025-06-20 00:00:00.000,3,"1902","HSK"
"General Project","Pipefitter","","","","10","2210","221","Night",2025-06-21 00:00:00.000,3,"1902","HSK"
"General Project","Pipefitter","","","","10","2210","221","Night",2025-06-23 00:00:00.000,3,"1902","HSK"
"General Project","Pipefitter","","","","10","2210","221","Night",2025-06-24 00:00:00.000,3,"1902","HSK"
"General Project","Pipefitter","","","","10","2210","221","Night",2025-06-25 00:00:00.000,3,"1902","HSK"
"General Project","Pipefitter","","","","10","2210","221","Night",2025-06-26 00:00:00.000,3,"1902","HSK"
"General Project","Pipefitter","","","","10","2210","221","Night",2025-06-27 00:00:00.000,3,"1902","HSK"
"General Project","Pipefitter","","","","10","2210","221","Night",2025-06-28 00:00:00.000,3,"1902","HSK"
"General Project","Laborer","","","","10","0","0","Night",2025-03-10 00:00:00.000,1,"1902","HSK"
"General Project","Laborer","","","","10","0","0","Night",2025-03-11 00:00:00.000,1,"1902","HSK"
"General Project","Laborer","","","","10","0","0","Night",2025-03-12 00:00:00.000,1,"1902","HSK"
"General Project","Laborer","","","","10","0","0","Night",2025-03-13 00:00:00.000,1,"1902","HSK"
"General Project","Laborer","","","","10","0","0","Night",2025-03-14 00:00:00.000,1,"1902","HSK"
"General Project","Laborer","","","","10","0","0","Night",2025-03-17 00:00:00.000,1,"1902","HSK"
"General Project","Laborer","","","","10","0","0","Night",2025-03-18 00:00:00.000,1,"1902","HSK"
"General Project","Laborer","","","","10","0","0","Night",2025-03-19 00:00:00.000,1,"1902","HSK"
"General Project","Laborer","","","","10","0","0","Night",2025-03-20 00:00:00.000,1,"1902","HSK"
"General Project","Laborer","","","","10","0","0","Night",2025-03-21 00:00:00.000,1,"1902","HSK"
"General Project","Laborer","","","","10","0","0","Night",2025-03-24 00:00:00.000,1,"1902","HSK"
"General Project","Laborer","","","","10","0","0","Night",2025-03-25 00:00:00.000,1,"1902","HSK"
"General Project","Laborer","","","","10","0","0","Night",2025-03-26 00:00:00.000,1,"1902","HSK"
"General Project","Laborer","","","","10","0","0","Night",2025-03-27 00:00:00.000,1,"1902","HSK"
"General Project","Laborer","","","","10","0","0","Night",2025-03-28 00:00:00.000,1,"1902","HSK"
"General Project","Laborer","","","","10","0","0","Night",2025-03-31 00:00:00.000,1,"1902","HSK"
"General Project","Laborer","","","","10","0","0","Night",2025-04-01 00:00:00.000,1,"1902","HSK"
"General Project","Laborer","","","","10","0","0","Night",2025-04-02 00:00:00.000,1,"1902","HSK"
"General Project","Laborer","","","","10","0","0","Night",2025-04-03 00:00:00.000,1,"1902","HSK"
"General Project","Laborer","","","","10","0","0","Night",2025-04-04 00:00:00.000,1,"1902","HSK"
"General Project","Laborer","","","","10","0","0","Night",2025-04-05 00:00:00.000,1,"1902","HSK"
"General Project","Laborer","","","","10","0","0","Night",2025-04-07 00:00:00.000,1,"1902","HSK"
"General Project","Laborer","","","","10","0","0","Night",2025-04-08 00:00:00.000,1,"1902","HSK"
"General Project","Laborer","","","","10","0","0","Night",2025-04-09 00:00:00.000,1,"1902","HSK"
"General Project","Laborer","","","","10","0","0","Night",2025-04-10 00:00:00.000,1,"1902","HSK"
"General Project","Laborer","","","","10","0","0","Night",2025-04-11 00:00:00.000,1,"1902","HSK"
"General Project","Laborer","","","","10","0","0","Night",2025-04-12 00:00:00.000,1,"1902","HSK"
"General Project","Laborer","","","","10","0","0","Night",2025-04-14 00:00:00.000,1,"1902","HSK"
"General Project","Laborer","","","","10","0","0","Night",2025-04-15 00:00:00.000,1,"1902","HSK"
"General Project","Laborer","","","","10","0","0","Night",2025-04-16 00:00:00.000,1,"1902","HSK"
"General Project","Laborer","","","","10","0","0","Night",2025-04-17 00:00:00.000,1,"1902","HSK"
"General Project","Laborer","","","","10","0","0","Night",2025-04-18 00:00:00.000,1,"1902","HSK"
"General Project","Laborer","","","","10","0","0","Night",2025-04-21 00:00:00.000,1,"1902","HSK"
"General Project","Laborer","","","","10","0","0","Night",2025-04-22 00:00:00.000,1,"1902","HSK"
"General Project","Laborer","","","","10","0","0","Night",2025-04-23 00:00:00.000,1,"1902","HSK"
"General Project","Laborer","","","","10","0","0","Night",2025-04-24 00:00:00.000,1,"1902","HSK"
"General Project","Laborer","","","","10","0","0","Night",2025-04-25 00:00:00.000,1,"1902","HSK"
"General Project","Laborer","","","","10","0","0","Night",2025-04-28 00:00:00.000,1,"1902","HSK"
"General Project","Laborer","","","","10","0","0","Night",2025-04-29 00:00:00.000,1,"1902","HSK"
"General Project","Laborer","","","","10","0","0","Night",2025-04-30 00:00:00.000,1,"1902","HSK"
"General Project","Laborer","","","","10","0","0","Night",2025-05-01 00:00:00.000,1,"1902","HSK"
"General Project","Laborer","","","","10","0","0","Night",2025-05-02 00:00:00.000,1,"1902","HSK"
"General Project","Laborer","","","","10","0","0","Night",2025-05-05 00:00:00.000,1,"1902","HSK"
"General Project","Laborer","","","","10","0","0","Night",2025-05-06 00:00:00.000,1,"1902","HSK"
"General Project","Laborer","","","","10","0","0","Night",2025-05-07 00:00:00.000,1,"1902","HSK"
"General Project","Laborer","","","","10","0","0","Night",2025-05-08 00:00:00.000,1,"1902","HSK"
"General Project","Laborer","","","","10","0","0","Night",2025-05-09 00:00:00.000,1,"1902","HSK"
"General Project","Laborer","","","","10","0","0","Night",2025-05-12 00:00:00.000,1,"1902","HSK"
"General Project","Laborer","","","","10","0","0","Night",2025-05-13 00:00:00.000,1,"1902","HSK"
"General Project","Laborer","","","","10","0","0","Night",2025-05-14 00:00:00.000,1,"1902","HSK"
"General Project","Laborer","","","","10","0","0","Night",2025-05-15 00:00:00.000,1,"1902","HSK"
"General Project","Laborer","","","","10","0","0","Night",2025-05-16 00:00:00.000,1,"1902","HSK"
"General Project","Pipefitter","","","","10","2210","221","Night",2025-03-10 00:00:00.000,16,"1902","HSK"
"General Project","Pipefitter","","","","10","2210","221","Night",2025-03-11 00:00:00.000,16,"1902","HSK"
"General Project","Pipefitter","","","","10","2210","221","Night",2025-03-12 00:00:00.000,16,"1902","HSK"
"General Project","Pipefitter","","","","10","2210","221","Night",2025-03-13 00:00:00.000,16,"1902","HSK"
"General Project","Pipefitter","","","","10","2210","221","Night",2025-03-14 00:00:00.000,16,"1902","HSK"
"General Project","Pipefitter","","","","10","2210","221","Night",2025-03-17 00:00:00.000,16,"1902","HSK"
"General Project","Pipefitter","","","","10","2210","221","Night",2025-03-18 00:00:00.000,16,"1902","HSK"
"General Project","Pipefitter","","","","10","2210","221","Night",2025-03-19 00:00:00.000,16,"1902","HSK"
"General Project","Pipefitter","","","","10","2210","221","Night",2025-03-20 00:00:00.000,16,"1902","HSK"
"General Project","Pipefitter","","","","10","2210","221","Night",2025-03-21 00:00:00.000,16,"1902","HSK"
"General Project","Pipefitter","","","","10","2210","221","Night",2025-03-24 00:00:00.000,16,"1902","HSK"
"General Project","Pipefitter","","","","10","2210","221","Night",2025-03-25 00:00:00.000,16,"1902","HSK"
"General Project","Pipefitter","","","","10","2210","221","Night",2025-03-26 00:00:00.000,16,"1902","HSK"
"General Project","Pipefitter","","","","10","2210","221","Night",2025-03-27 00:00:00.000,16,"1902","HSK"
"General Project","Pipefitter","","","","10","2210","221","Night",2025-03-28 00:00:00.000,16,"1902","HSK"
"General Project","Pipefitter","","","","10","2210","221","Night",2025-03-31 00:00:00.000,16,"1902","HSK"
"General Project","Pipefitter","","","","10","2210","221","Night",2025-04-01 00:00:00.000,16,"1902","HSK"
"General Project","Pipefitter","","","","10","2210","221","Night",2025-04-02 00:00:00.000,16,"1902","HSK"
"General Project","Pipefitter","","","","10","2210","221","Night",2025-04-03 00:00:00.000,16,"1902","HSK"
"General Project","Pipefitter","","","","10","2210","221","Night",2025-04-04 00:00:00.000,16,"1902","HSK"
"General Project","Pipefitter","","","","10","2210","221","Night",2025-04-05 00:00:00.000,16,"1902","HSK"
"General Project","Pipefitter","","","","10","2210","221","Night",2025-04-07 00:00:00.000,16,"1902","HSK"
"General Project","Pipefitter","","","","10","2210","221","Night",2025-04-08 00:00:00.000,16,"1902","HSK"
"General Project","Pipefitter","","","","10","2210","221","Night",2025-04-09 00:00:00.000,16,"1902","HSK"
"General Project","Pipefitter","","","","10","2210","221","Night",2025-04-10 00:00:00.000,16,"1902","HSK"
"General Project","Pipefitter","","","","10","2210","221","Night",2025-04-11 00:00:00.000,16,"1902","HSK"
"General Project","Pipefitter","","","","10","2210","221","Night",2025-04-12 00:00:00.000,16,"1902","HSK"
"General Project","Pipefitter","","","","10","2210","221","Night",2025-04-14 00:00:00.000,16,"1902","HSK"
"General Project","Pipefitter","","","","10","2210","221","Night",2025-04-15 00:00:00.000,16,"1902","HSK"
"General Project","Pipefitter","","","","10","2210","221","Night",2025-04-16 00:00:00.000,16,"1902","HSK"
"General Project","Pipefitter","","","","10","2210","221","Night",2025-04-17 00:00:00.000,16,"1902","HSK"
"General Project","Pipefitter","","","","10","2210","221","Night",2025-04-18 00:00:00.000,16,"1902","HSK"
"General Project","Pipefitter","","","","10","2210","221","Night",2025-04-21 00:00:00.000,16,"1902","HSK"
"General Project","Pipefitter","","","","10","2210","221","Night",2025-04-22 00:00:00.000,16,"1902","HSK"
"General Project","Pipefitter","","","","10","2210","221","Night",2025-04-23 00:00:00.000,16,"1902","HSK"
"General Project","Pipefitter","","","","10","2210","221","Night",2025-04-24 00:00:00.000,16,"1902","HSK"
"General Project","Pipefitter","","","","10","2210","221","Night",2025-04-25 00:00:00.000,16,"1902","HSK"
"General Project","Pipefitter","","","","10","2210","221","Night",2025-04-28 00:00:00.000,16,"1902","HSK"
"General Project","Pipefitter","","","","10","2210","221","Night",2025-04-29 00:00:00.000,16,"1902","HSK"
"General Project","Pipefitter","","","","10","2210","221","Night",2025-04-30 00:00:00.000,16,"1902","HSK"
"General Project","Pipefitter","","","","10","2210","221","Night",2025-05-01 00:00:00.000,16,"1902","HSK"
"General Project","Pipefitter","","","","10","2210","221","Night",2025-05-02 00:00:00.000,16,"1902","HSK"
"General Project","Pipefitter","","","","10","2210","221","Night",2025-05-05 00:00:00.000,16,"1902","HSK"
"General Project","Pipefitter","","","","10","2210","221","Night",2025-05-06 00:00:00.000,16,"1902","HSK"
"General Project","Pipefitter","","","","10","2210","221","Night",2025-05-07 00:00:00.000,16,"1902","HSK"
"General Project","Pipefitter","","","","10","2210","221","Night",2025-05-08 00:00:00.000,16,"1902","HSK"
"General Project","Pipefitter","","","","10","2210","221","Night",2025-05-09 00:00:00.000,16,"1902","HSK"
"General Project","Pipefitter","","","","10","2210","221","Night",2025-05-12 00:00:00.000,16,"1902","HSK"
"General Project","Pipefitter","","","","10","2210","221","Night",2025-05-13 00:00:00.000,16,"1902","HSK"
"General Project","Pipefitter","","","","10","2210","221","Night",2025-05-14 00:00:00.000,16,"1902","HSK"
"General Project","Pipefitter","","","","10","2210","221","Night",2025-05-15 00:00:00.000,16,"1902","HSK"
"General Project","Pipefitter","","","","10","2210","221","Night",2025-05-16 00:00:00.000,16,"1902","HSK"
"General Project","Pipefitter","","","","10","2210","221","Night",2025-06-30 00:00:00.000,13,"1902","HSK"
"General Project","Pipefitter","","","","10","2210","221","Night",2025-07-01 00:00:00.000,13,"1902","HSK"
"General Project","Pipefitter","","","","10","2210","221","Night",2025-07-02 00:00:00.000,13,"1902","HSK"
"General Project","Pipefitter","","","","10","2210","221","Night",2025-07-03 00:00:00.000,13,"1902","HSK"
"General Project","Pipefitter","","","","10","2210","221","Night",2025-07-07 00:00:00.000,13,"1902","HSK"
"General Project","Pipefitter","","","","10","2210","221","Night",2025-07-08 00:00:00.000,13,"1902","HSK"
"General Project","Pipefitter","","","","10","2210","221","Night",2025-07-09 00:00:00.000,13,"1902","HSK"
"General Project","Pipefitter","","","","10","2210","221","Night",2025-07-10 00:00:00.000,13,"1902","HSK"
"General Project","Pipefitter","","","","10","2210","221","Night",2025-07-11 00:00:00.000,13,"1902","HSK"
"General Project","Pipefitter","","","","10","2210","221","Night",2025-07-12 00:00:00.000,13,"1902","HSK"
"General Project","Pipefitter","","","","10","2210","221","Night",2025-07-14 00:00:00.000,13,"1902","HSK"
"General Project","Pipefitter","","","","10","2210","221","Night",2025-07-15 00:00:00.000,13,"1902","HSK"
"General Project","Pipefitter","","","","10","2210","221","Night",2025-07-16 00:00:00.000,13,"1902","HSK"
"General Project","Pipefitter","","","","10","2210","221","Night",2025-07-17 00:00:00.000,13,"1902","HSK"
"General Project","Pipefitter","","","","10","2210","221","Night",2025-07-18 00:00:00.000,13,"1902","HSK"
"General Project","Pipefitter","","","","10","2210","221","Night",2025-07-19 00:00:00.000,13,"1902","HSK"
"General Project","Pipefitter","","","","10","2210","221","Night",2025-07-21 00:00:00.000,13,"1902","HSK"
"General Project","Pipefitter","","","","10","2210","221","Night",2025-07-22 00:00:00.000,13,"1902","HSK"
"General Project","Pipefitter","","","","10","2210","221","Night",2025-07-23 00:00:00.000,13,"1902","HSK"
"General Project","Pipefitter","","","","10","2210","221","Night",2025-07-24 00:00:00.000,13,"1902","HSK"
"General Project","Pipefitter","","","","10","2210","221","Night",2025-07-25 00:00:00.000,13,"1902","HSK"
"General Project","Insulation","","","","10","19170","1917","Night",2025-05-19 00:00:00.000,16,"1902","PCI"
"General Project","Insulation","","","","10","19170","1917","Night",2025-05-20 00:00:00.000,16,"1902","PCI"
"General Project","Insulation","","","","10","19170","1917","Night",2025-05-21 00:00:00.000,16,"1902","PCI"
"General Project","Insulation","","","","10","19170","1917","Night",2025-05-22 00:00:00.000,16,"1902","PCI"
"General Project","Insulation","","","","10","19170","1917","Night",2025-05-23 00:00:00.000,16,"1902","PCI"
"General Project","Insulation","","","","10","19170","1917","Night",2025-05-27 00:00:00.000,16,"1902","PCI"
"General Project","Insulation","","","","10","19170","1917","Night",2025-05-28 00:00:00.000,16,"1902","PCI"
"General Project","Insulation","","","","10","19170","1917","Night",2025-05-29 00:00:00.000,16,"1902","PCI"
"General Project","Insulation","","","","10","19170","1917","Night",2025-05-30 00:00:00.000,16,"1902","PCI"
"General Project","Insulation","","","","10","19170","1917","Night",2025-06-02 00:00:00.000,19,"1902","PCI"
"General Project","Insulation","","","","10","19170","1917","Night",2025-06-03 00:00:00.000,19,"1902","PCI"
"General Project","Insulation","","","","10","19170","1917","Night",2025-06-04 00:00:00.000,19,"1902","PCI"
"General Project","Insulation","","","","10","19170","1917","Night",2025-06-05 00:00:00.000,19,"1902","PCI"
"General Project","Insulation","","","","10","19170","1917","Night",2025-06-06 00:00:00.000,19,"1902","PCI"
"General Project","Insulation","","","","10","19170","1917","Night",2025-06-07 00:00:00.000,19,"1902","PCI"
"General Project","Insulation","","","","10","19170","1917","Night",2025-06-09 00:00:00.000,23,"1902","PCI"
"General Project","Insulation","","","","10","19170","1917","Night",2025-06-10 00:00:00.000,23,"1902","PCI"
"General Project","Insulation","","","","10","19170","1917","Night",2025-06-11 00:00:00.000,23,"1902","PCI"
"General Project","Insulation","","","","10","19170","1917","Night",2025-06-12 00:00:00.000,23,"1902","PCI"
"General Project","Insulation","","","","10","19170","1917","Night",2025-06-13 00:00:00.000,23,"1902","PCI"
"General Project","Insulation","","","","10","19170","1917","Night",2025-06-14 00:00:00.000,23,"1902","PCI"
"General Project","Insulation","","","","10","19170","1917","Night",2025-06-16 00:00:00.000,24,"1902","PCI"
"General Project","Insulation","","","","10","19170","1917","Night",2025-06-17 00:00:00.000,24,"1902","PCI"
"General Project","Insulation","","","","10","19170","1917","Night",2025-06-18 00:00:00.000,27,"1902","PCI"
"General Project","Insulation","","","","10","19170","1917","Night",2025-06-19 00:00:00.000,27,"1902","PCI"
"General Project","Insulation","","","","10","19170","1917","Night",2025-06-20 00:00:00.000,27,"1902","PCI"
"General Project","Insulation","","","","10","19170","1917","Night",2025-06-21 00:00:00.000,27,"1902","PCI"
"General Project","Insulation","","","","10","19170","1917","Night",2025-06-23 00:00:00.000,27,"1902","PCI"
"General Project","Insulation","","","","10","19170","1917","Night",2025-06-24 00:00:00.000,27,"1902","PCI"
"General Project","Insulation","","","","10","19170","1917","Night",2025-06-25 00:00:00.000,27,"1902","PCI"
"General Project","Insulation","","","","10","19170","1917","Night",2025-06-26 00:00:00.000,27,"1902","PCI"
"General Project","Insulation","","","","10","19170","1917","Night",2025-06-27 00:00:00.000,27,"1902","PCI"
"General Project","Insulation","","","","10","19170","1917","Night",2025-06-28 00:00:00.000,27,"1902","PCI"
"General Project","Insulation","","","","10","19170","1917","Night",2025-06-30 00:00:00.000,27,"1902","PCI"
"General Project","Insulation","","","","10","19170","1917","Night",2025-07-01 00:00:00.000,27,"1902","PCI"
"General Project","Insulation","","","","10","19170","1917","Night",2025-07-02 00:00:00.000,27,"1902","PCI"
"General Project","Insulation","","","","10","19170","1917","Night",2025-07-03 00:00:00.000,27,"1902","PCI"
"General Project","Insulation","","","","10","19170","1917","Night",2025-07-07 00:00:00.000,26,"1902","PCI"
"General Project","Insulation","","","","10","19170","1917","Night",2025-07-08 00:00:00.000,26,"1902","PCI"
"General Project","Insulation","","","","10","19170","1917","Night",2025-07-09 00:00:00.000,26,"1902","PCI"
"General Project","Insulation","","","","10","19170","1917","Night",2025-07-10 00:00:00.000,26,"1902","PCI"
"General Project","Insulation","","","","10","19170","1917","Night",2025-07-11 00:00:00.000,26,"1902","PCI"
"General Project","Insulation","","","","10","19170","1917","Night",2025-07-14 00:00:00.000,28,"1902","PCI"
"General Project","Insulation","","","","10","19170","1917","Night",2025-07-15 00:00:00.000,28,"1902","PCI"
"General Project","Insulation","","","","10","19170","1917","Night",2025-07-16 00:00:00.000,28,"1902","PCI"
"General Project","Insulation","","","","10","19170","1917","Night",2025-07-17 00:00:00.000,28,"1902","PCI"
"General Project","Insulation","","","","10","19170","1917","Night",2025-07-18 00:00:00.000,28,"1902","PCI"
"General Project","Insulation","","","","10","19170","1917","Night",2025-07-21 00:00:00.000,28,"1902","PCI"
"General Project","Insulation","","","","10","19170","1917","Night",2025-07-22 00:00:00.000,28,"1902","PCI"
"General Project","Insulation","","","","10","19170","1917","Night",2025-07-23 00:00:00.000,28,"1902","PCI"
"General Project","Insulation","","","","10","19170","1917","Night",2025-07-24 00:00:00.000,28,"1902","PCI"
"General Project","Insulation","","","","10","19170","1917","Night",2025-07-25 00:00:00.000,28,"1902","PCI"
"General Project","Insulation","","","","10","19170","1917","Night",2025-07-28 00:00:00.000,28,"1902","PCI"
"General Project","Insulation","","","","10","19170","1917","Night",2025-07-29 00:00:00.000,28,"1902","PCI"
"General Project","Insulation","","","","10","19170","1917","Night",2025-07-30 00:00:00.000,28,"1902","PCI"
"General Project","Insulation","","","","10","19170","1917","Night",2025-07-31 00:00:00.000,28,"1902","PCI"
"General Project","Insulation","","","","10","19170","1917","Night",2025-08-01 00:00:00.000,28,"1902","PCI"
"General Project","Insulation","","","","10","19170","1917","Night",2025-08-04 00:00:00.000,28,"1902","PCI"
"General Project","Insulation","","","","10","19170","1917","Night",2025-08-05 00:00:00.000,28,"1902","PCI"
"General Project","Insulation","","","","10","19170","1917","Night",2025-08-06 00:00:00.000,28,"1902","PCI"
"General Project","Insulation","","","","10","19170","1917","Night",2025-08-07 00:00:00.000,28,"1902","PCI"
"General Project","Insulation","","","","10","19170","1917","Night",2025-08-08 00:00:00.000,28,"1902","PCI"
"General Project","Insulation","","","","10","19170","1917","Night",2025-08-11 00:00:00.000,28,"1902","PCI"
"General Project","Insulation","","","","10","19170","1917","Night",2025-08-12 00:00:00.000,28,"1902","PCI"
"General Project","Insulation","","","","10","19170","1917","Night",2025-08-13 00:00:00.000,28,"1902","PCI"
"General Project","Insulation","","","","10","19170","1917","Night",2025-08-14 00:00:00.000,28,"1902","PCI"
"General Project","Insulation","","","","10","19170","1917","Night",2025-08-15 00:00:00.000,28,"1902","PCI"
"General Project","Insulation","","","","10","19170","1917","Night",2025-08-18 00:00:00.000,28,"1902","PCI"
"General Project","Insulation","","","","10","19170","1917","Night",2025-08-19 00:00:00.000,28,"1902","PCI"
"General Project","Insulation","","","","10","19170","1917","Night",2025-08-20 00:00:00.000,28,"1902","PCI"
"General Project","Insulation","","","","10","19170","1917","Night",2025-08-21 00:00:00.000,28,"1902","PCI"
"General Project","Insulation","","","","10","19170","1917","Night",2025-08-22 00:00:00.000,28,"1902","PCI"
"General Project","Insulation","","","","10","19170","1917","Night",2025-08-25 00:00:00.000,25,"1902","PCI"
"General Project","Insulation","","","","10","19170","1917","Night",2025-08-26 00:00:00.000,25,"1902","PCI"
"General Project","Insulation","","","","10","19170","1917","Night",2025-08-27 00:00:00.000,25,"1902","PCI"
"General Project","Insulation","","","","10","19170","1917","Night",2025-08-28 00:00:00.000,25,"1902","PCI"
"General Project","Insulation","","","","10","19170","1917","Night",2025-08-29 00:00:00.000,25,"1902","PCI"
"General Project","Electrican","","","","10","9080","908","Night",2025-02-19 00:00:00.000,6,"1902","VEC"
"General Project","Electrican","","","","10","9080","908","Night",2025-02-20 00:00:00.000,6,"1902","VEC"
"General Project","Electrican","","","","10","9080","908","Night",2025-02-21 00:00:00.000,6,"1902","VEC"
"General Project","Electrican","","","","10","9080","908","Night",2025-02-22 00:00:00.000,6,"1902","VEC"
"General Project","Electrican","","","","10","9080","908","Night",2025-02-24 00:00:00.000,6,"1902","VEC"
"General Project","Electrican","","","","10","9080","908","Night",2025-02-25 00:00:00.000,6,"1902","VEC"
"General Project","Electrican","","","","10","9080","908","Night",2025-02-26 00:00:00.000,6,"1902","VEC"
"General Project","Electrican","","","","10","9080","908","Night",2025-02-27 00:00:00.000,6,"1902","VEC"
"General Project","Electrican","","","","10","9080","908","Night",2025-02-28 00:00:00.000,6,"1902","VEC"
"General Project","Electrican","","","","10","9080","908","Night",2025-03-01 00:00:00.000,6,"1902","VEC"
"General Project","Electrican","","","","10","9080","908","Night",2025-03-03 00:00:00.000,6,"1902","VEC"
"General Project","Electrican","","","","10","9080","908","Night",2025-03-04 00:00:00.000,6,"1902","VEC"
"General Project","Electrican","","","","10","9080","908","Night",2025-03-05 00:00:00.000,6,"1902","VEC"
"General Project","Electrican","","","","10","9080","908","Night",2025-03-06 00:00:00.000,6,"1902","VEC"
"General Project","Electrican","","","","10","9080","908","Night",2025-03-07 00:00:00.000,6,"1902","VEC"
"General Project","Electrican","","","","10","9080","908","Night",2025-03-08 00:00:00.000,6,"1902","VEC"
"General Project","Electrican","","","","10","9080","908","Night",2025-03-10 00:00:00.000,13,"1902","VEC"
"General Project","Electrican","","","","10","9080","908","Night",2025-03-11 00:00:00.000,13,"1902","VEC"
"General Project","Electrican","","","","10","9080","908","Night",2025-03-12 00:00:00.000,13,"1902","VEC"
"General Project","Electrican","","","","10","9080","908","Night",2025-03-13 00:00:00.000,13,"1902","VEC"
"General Project","Electrican","","","","10","9080","908","Night",2025-03-14 00:00:00.000,13,"1902","VEC"
"General Project","Electrican","","","","10","9080","908","Night",2025-03-15 00:00:00.000,13,"1902","VEC"
"General Project","Electrican","","","","10","9080","908","Night",2025-03-17 00:00:00.000,13,"1902","VEC"
"General Project","Electrican","","","","10","9080","908","Night",2025-03-18 00:00:00.000,13,"1902","VEC"
"General Project","Electrican","","","","10","9080","908","Night",2025-03-19 00:00:00.000,13,"1902","VEC"
"General Project","Electrican","","","","10","9080","908","Night",2025-03-20 00:00:00.000,13,"1902","VEC"
"General Project","Electrican","","","","10","9080","908","Night",2025-03-21 00:00:00.000,13,"1902","VEC"
"General Project","Electrican","","","","10","9080","908","Night",2025-03-22 00:00:00.000,13,"1902","VEC"
"General Project","Electrican","","","","10","9080","908","Night",2025-03-24 00:00:00.000,13,"1902","VEC"
"General Project","Electrican","","","","10","9080","908","Night",2025-03-25 00:00:00.000,13,"1902","VEC"
"General Project","Electrican","","","","10","9080","908","Night",2025-03-26 00:00:00.000,13,"1902","VEC"
"General Project","Electrican","","","","10","9080","908","Night",2025-03-27 00:00:00.000,13,"1902","VEC"
"General Project","Electrican","","","","10","9080","908","Night",2025-03-28 00:00:00.000,13,"1902","VEC"
"General Project","Electrican","","","","10","9080","908","Night",2025-03-29 00:00:00.000,13,"1902","VEC"
"General Project","Electrican","","","","10","9080","908","Night",2025-03-31 00:00:00.000,11,"1902","VEC"
"General Project","Electrican","","","","10","9080","908","Night",2025-04-01 00:00:00.000,11,"1902","VEC"
"General Project","Electrican","","","","10","9080","908","Night",2025-04-02 00:00:00.000,11,"1902","VEC"
"General Project","Electrican","","","","10","9080","908","Night",2025-04-03 00:00:00.000,11,"1902","VEC"
"General Project","Electrican","","","","10","9080","908","Night",2025-04-04 00:00:00.000,11,"1902","VEC"
"General Project","Electrican","","","","10","9080","908","Night",2025-04-05 00:00:00.000,11,"1902","VEC"
"General Project","Electrican","","","","10","9080","908","Night",2025-04-07 00:00:00.000,11,"1902","VEC"
"General Project","Electrican","","","","10","9080","908","Night",2025-04-08 00:00:00.000,11,"1902","VEC"
"General Project","Electrican","","","","10","9080","908","Night",2025-04-09 00:00:00.000,11,"1902","VEC"
"General Project","Electrican","","","","10","9080","908","Night",2025-04-10 00:00:00.000,11,"1902","VEC"
"General Project","Electrican","","","","10","9080","908","Night",2025-04-11 00:00:00.000,11,"1902","VEC"
"General Project","Electrican","","","","10","9080","908","Night",2025-04-12 00:00:00.000,11,"1902","VEC"
"General Project","Electrican","","","","10","9080","908","Night",2025-04-14 00:00:00.000,9,"1902","VEC"
"General Project","Electrican","","","","10","9080","908","Night",2025-04-15 00:00:00.000,9,"1902","VEC"
"General Project","Electrican","","","","10","9080","908","Night",2025-04-16 00:00:00.000,9,"1902","VEC"
"General Project","Electrican","","","","10","9080","908","Night",2025-04-17 00:00:00.000,9,"1902","VEC"
"General Project","Electrican","","","","10","9080","908","Night",2025-04-18 00:00:00.000,9,"1902","VEC"
"General Project","Electrican","","","","10","9080","908","Night",2025-04-21 00:00:00.000,9,"1902","VEC"
"General Project","Electrican","","","","10","9080","908","Night",2025-04-22 00:00:00.000,9,"1902","VEC"
"General Project","Electrican","","","","10","9080","908","Night",2025-04-23 00:00:00.000,9,"1902","VEC"
"General Project","Electrican","","","","10","9080","908","Night",2025-04-24 00:00:00.000,9,"1902","VEC"
"General Project","Electrican","","","","10","9080","908","Night",2025-04-25 00:00:00.000,9,"1902","VEC"
"General Project","Electrican","","","","10","9080","908","Night",2025-04-28 00:00:00.000,11,"1902","VEC"
"General Project","Electrican","","","","10","9080","908","Night",2025-04-29 00:00:00.000,11,"1902","VEC"
"General Project","Electrican","","","","10","9080","908","Night",2025-04-30 00:00:00.000,11,"1902","VEC"
"General Project","Electrican","","","","10","9080","908","Night",2025-05-01 00:00:00.000,11,"1902","VEC"
"General Project","Electrican","","","","10","9080","908","Night",2025-05-02 00:00:00.000,11,"1902","VEC"
"General Project","Electrican","","","","10","9080","908","Night",2025-05-03 00:00:00.000,11,"1902","VEC"
"General Project","Electrican","","","","10","9080","908","Night",2025-05-05 00:00:00.000,11,"1902","VEC"
"General Project","Electrican","","","","10","9080","908","Night",2025-05-06 00:00:00.000,11,"1902","VEC"
"General Project","Electrican","","","","10","9080","908","Night",2025-05-07 00:00:00.000,11,"1902","VEC"
"General Project","Electrican","","","","10","9080","908","Night",2025-05-08 00:00:00.000,11,"1902","VEC"
"General Project","Electrican","","","","10","9080","908","Night",2025-05-09 00:00:00.000,11,"1902","VEC"
"General Project","Electrican","","","","10","9080","908","Night",2025-05-12 00:00:00.000,11,"1902","VEC"
"General Project","Electrican","","","","10","9080","908","Night",2025-05-13 00:00:00.000,11,"1902","VEC"
"General Project","Electrican","","","","10","9080","908","Night",2025-05-14 00:00:00.000,11,"1902","VEC"
"General Project","Electrican","","","","10","9080","908","Night",2025-05-15 00:00:00.000,11,"1902","VEC"
"General Project","Electrican","","","","10","9080","908","Night",2025-05-16 00:00:00.000,11,"1902","VEC"
"General Project","Electrican","","","","10","9080","908","Night",2025-06-02 00:00:00.000,8,"1902","VEC"
"General Project","Electrican","","","","10","9080","908","Night",2025-06-03 00:00:00.000,8,"1902","VEC"
"General Project","Electrican","","","","10","9080","908","Night",2025-06-04 00:00:00.000,8,"1902","VEC"
"General Project","Electrican","","","","10","9080","908","Night",2025-06-05 00:00:00.000,8,"1902","VEC"
"General Project","Electrican","","","","10","9080","908","Night",2025-06-06 00:00:00.000,8,"1902","VEC"
"General Project","Electrican","","","","10","9080","908","Night",2025-06-07 00:00:00.000,8,"1902","VEC"
"General Project","Electrican","","","","10","9080","908","Night",2025-06-09 00:00:00.000,15,"1902","VEC"
"General Project","Electrican","","","","10","9080","908","Night",2025-06-10 00:00:00.000,15,"1902","VEC"
"General Project","Electrican","","","","10","9080","908","Night",2025-06-11 00:00:00.000,15,"1902","VEC"
"General Project","Electrican","","","","10","9080","908","Night",2025-06-12 00:00:00.000,15,"1902","VEC"
"General Project","Electrican","","","","10","9080","908","Night",2025-06-13 00:00:00.000,15,"1902","VEC"
"General Project","Electrican","","","","10","9080","908","Night",2025-06-14 00:00:00.000,15,"1902","VEC"
"General Project","Electrican","","","","10","9080","908","Night",2025-06-16 00:00:00.000,15,"1902","VEC"
"General Project","Electrican","","","","10","9080","908","Night",2025-06-17 00:00:00.000,15,"1902","VEC"
"General Project","Electrican","","","","10","9080","908","Night",2025-06-18 00:00:00.000,15,"1902","VEC"
"General Project","Electrican","","","","10","9080","908","Night",2025-06-19 00:00:00.000,15,"1902","VEC"
"General Project","Electrican","","","","10","9080","908","Night",2025-06-20 00:00:00.000,15,"1902","VEC"
"General Project","Electrican","","","","10","9080","908","Night",2025-06-21 00:00:00.000,15,"1902","VEC"
"General Project","Electrican","","","","10","9080","908","Night",2025-06-23 00:00:00.000,15,"1902","VEC"
"General Project","Electrican","","","","10","9080","908","Night",2025-06-24 00:00:00.000,15,"1902","VEC"
"General Project","Electrican","","","","10","9080","908","Night",2025-06-25 00:00:00.000,15,"1902","VEC"
"General Project","Electrican","","","","10","9080","908","Night",2025-06-26 00:00:00.000,15,"1902","VEC"
"General Project","Electrican","","","","10","9080","908","Night",2025-06-27 00:00:00.000,15,"1902","VEC"
"General Project","Electrican","","","","10","9080","908","Night",2025-06-28 00:00:00.000,15,"1902","VEC"
"General Project","Electrican","","","","10","9080","908","Night",2025-06-30 00:00:00.000,12,"1902","VEC"
"General Project","Electrican","","","","10","9080","908","Night",2025-07-01 00:00:00.000,12,"1902","VEC"
"General Project","Electrican","","","","10","9080","908","Night",2025-07-02 00:00:00.000,12,"1902","VEC"
"General Project","Electrican","","","","10","9080","908","Night",2025-07-03 00:00:00.000,12,"1902","VEC"
"General Project","Electrican","","","","10","9080","908","Night",2025-07-07 00:00:00.000,12,"1902","VEC"
"General Project","Electrican","","","","10","9080","908","Night",2025-07-08 00:00:00.000,12,"1902","VEC"
"General Project","Electrican","","","","10","9080","908","Night",2025-07-09 00:00:00.000,12,"1902","VEC"
"General Project","Electrican","","","","10","9080","908","Night",2025-07-10 00:00:00.000,12,"1902","VEC"
"General Project","Electrican","","","","10","9080","908","Night",2025-07-11 00:00:00.000,12,"1902","VEC"
"General Project","Electrican","","","","10","9080","908","Night",2025-07-12 00:00:00.000,12,"1902","VEC"
"General Project","Electrican","","","","10","9080","908","Night",2025-07-14 00:00:00.000,12,"1902","VEC"
"General Project","Electrican","","","","10","9080","908","Night",2025-07-15 00:00:00.000,12,"1902","VEC"
"General Project","Electrican","","","","10","9080","908","Night",2025-07-16 00:00:00.000,12,"1902","VEC"
"General Project","Electrican","","","","10","9080","908","Night",2025-07-17 00:00:00.000,12,"1902","VEC"
"General Project","Electrican","","","","10","9080","908","Night",2025-07-18 00:00:00.000,12,"1902","VEC"
"General Project","Electrican","","","","10","9080","908","Night",2025-07-19 00:00:00.000,12,"1902","VEC"
"General Project","Carpenter","","13390","-13390","10","13390","1339","Day",2025-03-10 00:00:00.000,21,"1902","KNY"
"General Project","Carpenter","","13390","-13390","10","13390","1339","Day",2025-03-11 00:00:00.000,21,"1902","KNY"
"General Project","Carpenter","","13390","-13390","10","13390","1339","Day",2025-03-12 00:00:00.000,21,"1902","KNY"
"General Project","Carpenter","","13390","-13390","10","13390","1339","Day",2025-03-13 00:00:00.000,21,"1902","KNY"
"General Project","Carpenter","","13390","-13390","10","13390","1339","Day",2025-03-14 00:00:00.000,21,"1902","KNY"
"General Project","Carpenter","","13390","-13390","10","13390","1339","Day",2025-03-17 00:00:00.000,21,"1902","KNY"
"General Project","Carpenter","","13390","-13390","10","13390","1339","Day",2025-03-18 00:00:00.000,21,"1902","KNY"
"General Project","Carpenter","","13390","-13390","10","13390","1339","Day",2025-03-19 00:00:00.000,21,"1902","KNY"
"General Project","Carpenter","","13390","-13390","10","13390","1339","Day",2025-03-20 00:00:00.000,21,"1902","KNY"
"General Project","Carpenter","","13390","-13390","10","13390","1339","Day",2025-03-21 00:00:00.000,21,"1902","KNY"
"General Project","Carpenter","","13390","-13390","10","13390","1339","Day",2025-03-24 00:00:00.000,21,"1902","KNY"
"General Project","Carpenter","","13390","-13390","10","13390","1339","Day",2025-03-25 00:00:00.000,21,"1902","KNY"
"General Project","Carpenter","","13390","-13390","10","13390","1339","Day",2025-03-26 00:00:00.000,21,"1902","KNY"
"General Project","Carpenter","","13390","-13390","10","13390","1339","Day",2025-03-27 00:00:00.000,21,"1902","KNY"
"General Project","Carpenter","","13390","-13390","10","13390","1339","Day",2025-03-28 00:00:00.000,21,"1902","KNY"
"General Project","Carpenter","","13390","-13390","10","13390","1339","Day",2025-05-19 00:00:00.000,13,"1902","KNY"
"General Project","Carpenter","","13390","-13390","10","13390","1339","Day",2025-05-20 00:00:00.000,13,"1902","KNY"
"General Project","Carpenter","","13390","-13390","10","13390","1339","Day",2025-05-21 00:00:00.000,13,"1902","KNY"
"General Project","Carpenter","","13390","-13390","10","13390","1339","Day",2025-05-22 00:00:00.000,13,"1902","KNY"
"General Project","Carpenter","","13390","-13390","10","13390","1339","Day",2025-05-23 00:00:00.000,13,"1902","KNY"
"General Project","Carpenter","","13390","-13390","10","13390","1339","Day",2025-05-27 00:00:00.000,14,"1902","KNY"
"General Project","Carpenter","","13390","-13390","10","13390","1339","Day",2025-05-28 00:00:00.000,14,"1902","KNY"
"General Project","Carpenter","","13390","-13390","10","13390","1339","Day",2025-05-29 00:00:00.000,14,"1902","KNY"
"General Project","Carpenter","","13390","-13390","10","13390","1339","Day",2025-05-30 00:00:00.000,14,"1902","KNY"
"General Project","Carpenter","","13390","-13390","10","13390","1339","Day",2025-06-02 00:00:00.000,14,"1902","KNY"
"General Project","Carpenter","","13390","-13390","10","13390","1339","Day",2025-06-03 00:00:00.000,14,"1902","KNY"
"General Project","Carpenter","","13390","-13390","10","13390","1339","Day",2025-06-04 00:00:00.000,14,"1902","KNY"
"General Project","Carpenter","","13390","-13390","10","13390","1339","Day",2025-06-05 00:00:00.000,14,"1902","KNY"
"General Project","Carpenter","","13390","-13390","10","13390","1339","Day",2025-06-06 00:00:00.000,14,"1902","KNY"
"General Project","Carpenter","","13390","-13390","10","13390","1339","Day",2025-06-09 00:00:00.000,14,"1902","KNY"
"General Project","Carpenter","","13390","-13390","10","13390","1339","Day",2025-06-10 00:00:00.000,14,"1902","KNY"
"General Project","Carpenter","","13390","-13390","10","13390","1339","Day",2025-06-11 00:00:00.000,14,"1902","KNY"
"General Project","Carpenter","","13390","-13390","10","13390","1339","Day",2025-06-12 00:00:00.000,14,"1902","KNY"
"General Project","Carpenter","","13390","-13390","10","13390","1339","Day",2025-06-13 00:00:00.000,14,"1902","KNY"
"General Project","Carpenter","","13390","-13390","10","13390","1339","Day",2025-06-16 00:00:00.000,14,"1902","KNY"
"General Project","Carpenter","","13390","-13390","10","13390","1339","Day",2025-06-17 00:00:00.000,14,"1902","KNY"
"General Project","Carpenter","","13390","-13390","10","13390","1339","Day",2025-06-18 00:00:00.000,15,"1902","KNY"
"General Project","Carpenter","","13390","-13390","10","13390","1339","Day",2025-06-19 00:00:00.000,15,"1902","KNY"
"General Project","Carpenter","","13390","-13390","10","13390","1339","Day",2025-06-20 00:00:00.000,15,"1902","KNY"
"General Project","Carpenter","","13390","-13390","10","13390","1339","Day",2025-06-23 00:00:00.000,15,"1902","KNY"
"General Project","Carpenter","","13390","-13390","10","13390","1339","Day",2025-06-24 00:00:00.000,15,"1902","KNY"
"General Project","Carpenter","","13390","-13390","10","13390","1339","Day",2025-06-25 00:00:00.000,15,"1902","KNY"
"General Project","Carpenter","","13390","-13390","10","13390","1339","Day",2025-06-26 00:00:00.000,15,"1902","KNY"
"General Project","Carpenter","","13390","-13390","10","13390","1339","Day",2025-06-27 00:00:00.000,15,"1902","KNY"
"General Project","Carpenter","","13390","-13390","10","13390","1339","Day",2025-06-30 00:00:00.000,15,"1902","KNY"
"General Project","Carpenter","","13390","-13390","10","13390","1339","Day",2025-07-01 00:00:00.000,15,"1902","KNY"
"General Project","Carpenter","","13390","-13390","10","13390","1339","Day",2025-07-02 00:00:00.000,15,"1902","KNY"
"General Project","Carpenter","","13390","-13390","10","13390","1339","Day",2025-07-03 00:00:00.000,15,"1902","KNY"
"General Project","Carpenter","","13390","-13390","10","13390","1339","Day",2025-07-07 00:00:00.000,15,"1902","KNY"
"General Project","Carpenter","","13390","-13390","10","13390","1339","Day",2025-07-08 00:00:00.000,15,"1902","KNY"
"General Project","Carpenter","","13390","-13390","10","13390","1339","Day",2025-07-09 00:00:00.000,15,"1902","KNY"
"General Project","Carpenter","","13390","-13390","10","13390","1339","Day",2025-07-10 00:00:00.000,15,"1902","KNY"
"General Project","Carpenter","","13390","-13390","10","13390","1339","Day",2025-07-11 00:00:00.000,15,"1902","KNY"
"General Project","Carpenter","","13390","-13390","10","13390","1339","Day",2025-07-14 00:00:00.000,15,"1902","KNY"
"General Project","Carpenter","","13390","-13390","10","13390","1339","Day",2025-07-15 00:00:00.000,15,"1902","KNY"
"General Project","Carpenter","","13390","-13390","10","13390","1339","Day",2025-07-16 00:00:00.000,15,"1902","KNY"
"General Project","Carpenter","","13390","-13390","10","13390","1339","Day",2025-07-17 00:00:00.000,15,"1902","KNY"
"General Project","Carpenter","","13390","-13390","10","13390","1339","Day",2025-07-18 00:00:00.000,15,"1902","KNY"
"General Project","Carpenter","","13390","-13390","10","13390","1339","Day",2025-07-21 00:00:00.000,15,"1902","KNY"
"General Project","Carpenter","","13390","-13390","10","13390","1339","Day",2025-07-22 00:00:00.000,15,"1902","KNY"
"General Project","Carpenter","","13390","-13390","10","13390","1339","Day",2025-07-23 00:00:00.000,15,"1902","KNY"
"General Project","Carpenter","","13390","-13390","10","13390","1339","Day",2025-07-24 00:00:00.000,15,"1902","KNY"
"General Project","Carpenter","","13390","-13390","10","13390","1339","Day",2025-07-25 00:00:00.000,15,"1902","KNY"
"General Project","Carpenter","","13390","-13390","10","13390","1339","Day",2025-07-28 00:00:00.000,15,"1902","KNY"
"General Project","Carpenter","","13390","-13390","10","13390","1339","Day",2025-07-29 00:00:00.000,15,"1902","KNY"
"General Project","Carpenter","","13390","-13390","10","13390","1339","Day",2025-07-30 00:00:00.000,15,"1902","KNY"
"General Project","Carpenter","","13390","-13390","10","13390","1339","Day",2025-07-31 00:00:00.000,15,"1902","KNY"
"General Project","Carpenter","","13390","-13390","10","13390","1339","Day",2025-08-01 00:00:00.000,15,"1902","KNY"
"General Project","Carpenter","","13390","-13390","10","13390","1339","Day",2025-08-04 00:00:00.000,15,"1902","KNY"
"General Project","Carpenter","","13390","-13390","10","13390","1339","Day",2025-08-05 00:00:00.000,15,"1902","KNY"
"General Project","Carpenter","","13390","-13390","10","13390","1339","Day",2025-08-06 00:00:00.000,15,"1902","KNY"
"General Project","Carpenter","","13390","-13390","10","13390","1339","Day",2025-08-07 00:00:00.000,15,"1902","KNY"
"General Project","Carpenter","","13390","-13390","10","13390","1339","Day",2025-08-08 00:00:00.000,15,"1902","KNY"
"General Project","Carpenter","","13390","-13390","10","13390","1339","Day",2025-08-11 00:00:00.000,15,"1902","KNY"
"General Project","Carpenter","","13390","-13390","10","13390","1339","Day",2025-08-12 00:00:00.000,15,"1902","KNY"
"General Project","Carpenter","","13390","-13390","10","13390","1339","Day",2025-08-13 00:00:00.000,15,"1902","KNY"
"General Project","Carpenter","","13390","-13390","10","13390","1339","Day",2025-08-14 00:00:00.000,15,"1902","KNY"
"General Project","Carpenter","","13390","-13390","10","13390","1339","Day",2025-08-15 00:00:00.000,15,"1902","KNY"
"General Project","Civil","","2880","-2880","10","2880","288","Day",2025-03-10 00:00:00.000,17,"1902","MRP"
"General Project","Civil","","2880","-2880","10","2880","288","Day",2025-03-11 00:00:00.000,17,"1902","MRP"
"General Project","Civil","","2880","-2880","10","2880","288","Day",2025-03-12 00:00:00.000,17,"1902","MRP"
"General Project","Civil","","2880","-2880","10","2880","288","Day",2025-03-13 00:00:00.000,17,"1902","MRP"
"General Project","Civil","","2880","-2880","10","2880","288","Day",2025-03-14 00:00:00.000,17,"1902","MRP"
"General Project","Civil","","2880","-2880","10","2880","288","Day",2025-03-17 00:00:00.000,17,"1902","MRP"
"General Project","Civil","","2880","-2880","10","2880","288","Day",2025-03-18 00:00:00.000,17,"1902","MRP"
"General Project","Civil","","2880","-2880","10","2880","288","Day",2025-03-19 00:00:00.000,17,"1902","MRP"
"General Project","Civil","","2880","-2880","10","2880","288","Day",2025-03-20 00:00:00.000,17,"1902","MRP"
"General Project","Civil","","2880","-2880","10","2880","288","Day",2025-03-21 00:00:00.000,17,"1902","MRP"
"General Project","Civil","","2880","-2880","10","2880","288","Day",2025-03-24 00:00:00.000,17,"1902","MRP"
"General Project","Civil","","2880","-2880","10","2880","288","Day",2025-03-25 00:00:00.000,17,"1902","MRP"
"General Project","Civil","","2880","-2880","10","2880","288","Day",2025-03-26 00:00:00.000,17,"1902","MRP"
"General Project","Civil","","2880","-2880","10","2880","288","Day",2025-03-27 00:00:00.000,17,"1902","MRP"
"General Project","Civil","","2880","-2880","10","2880","288","Day",2025-03-28 00:00:00.000,17,"1902","MRP"
"General Project","Civil","","2880","-2880","10","2880","288","Day",2025-03-31 00:00:00.000,17,"1902","MRP"
"General Project","Civil","","2880","-2880","10","2880","288","Day",2025-04-01 00:00:00.000,17,"1902","MRP"
"General Project","Civil","","2880","-2880","10","2880","288","Day",2025-04-02 00:00:00.000,17,"1902","MRP"
"General Project","Civil","","2880","-2880","10","2880","288","Day",2025-04-03 00:00:00.000,17,"1902","MRP"
"General Project","Civil","","2880","-2880","10","2880","288","Day",2025-04-04 00:00:00.000,17,"1902","MRP"
"General Project","Civil","","2880","-2880","10","2880","288","Day",2025-04-07 00:00:00.000,17,"1902","MRP"
"General Project","Civil","","2880","-2880","10","2880","288","Day",2025-04-08 00:00:00.000,17,"1902","MRP"
"General Project","Civil","","2880","-2880","10","2880","288","Day",2025-04-09 00:00:00.000,17,"1902","MRP"
"General Project","Civil","","2880","-2880","10","2880","288","Day",2025-04-10 00:00:00.000,17,"1902","MRP"
"General Project","Civil","","2880","-2880","10","2880","288","Day",2025-04-11 00:00:00.000,17,"1902","MRP"
"General Project","Civil","","2880","-2880","10","2880","288","Day",2025-04-14 00:00:00.000,17,"1902","MRP"
"General Project","Civil","","2880","-2880","10","2880","288","Day",2025-04-15 00:00:00.000,17,"1902","MRP"
"General Project","Civil","","2880","-2880","10","2880","288","Day",2025-04-16 00:00:00.000,17,"1902","MRP"
"General Project","Civil","","2880","-2880","10","2880","288","Day",2025-04-17 00:00:00.000,17,"1902","MRP"
"General Project","Civil","","2880","-2880","10","2880","288","Day",2025-04-18 00:00:00.000,17,"1902","MRP"
"General Project","Civil","","2880","-2880","10","2880","288","Day",2025-04-21 00:00:00.000,16,"1902","MRP"
"General Project","Civil","","2880","-2880","10","2880","288","Day",2025-04-22 00:00:00.000,16,"1902","MRP"
"General Project","Civil","","2880","-2880","10","2880","288","Day",2025-04-23 00:00:00.000,16,"1902","MRP"
"General Project","Civil","","2880","-2880","10","2880","288","Day",2025-04-24 00:00:00.000,16,"1902","MRP"
"General Project","Civil","","2880","-2880","10","2880","288","Day",2025-04-25 00:00:00.000,16,"1902","MRP"
"General Project","Civil","","2880","-2880","10","2880","288","Day",2025-04-28 00:00:00.000,16,"1902","MRP"
"General Project","Civil","","2880","-2880","10","2880","288","Day",2025-04-29 00:00:00.000,16,"1902","MRP"
"General Project","Civil","","2880","-2880","10","2880","288","Day",2025-04-30 00:00:00.000,16,"1902","MRP"
"General Project","Civil","","2880","-2880","10","2880","288","Day",2025-05-01 00:00:00.000,16,"1902","MRP"
"General Project","Civil","","2880","-2880","10","2880","288","Day",2025-05-02 00:00:00.000,16,"1902","MRP"
"General Project","Civil","","2880","-2880","10","2880","288","Day",2025-05-05 00:00:00.000,16,"1902","MRP"
"General Project","Civil","","2880","-2880","10","2880","288","Day",2025-05-06 00:00:00.000,16,"1902","MRP"
"General Project","Civil","","2880","-2880","10","2880","288","Day",2025-05-07 00:00:00.000,16,"1902","MRP"
"General Project","Civil","","2880","-2880","10","2880","288","Day",2025-05-08 00:00:00.000,16,"1902","MRP"
"General Project","Civil","","2880","-2880","10","2880","288","Day",2025-05-09 00:00:00.000,16,"1902","MRP"
"General Project","Civil","","2880","-2880","10","2880","288","Day",2025-05-12 00:00:00.000,16,"1902","MRP"
"General Project","Civil","","2880","-2880","10","2880","288","Day",2025-05-13 00:00:00.000,16,"1902","MRP"
"General Project","Civil","","2880","-2880","10","2880","288","Day",2025-05-14 00:00:00.000,16,"1902","MRP"
"General Project","Civil","","2880","-2880","10","2880","288","Day",2025-05-15 00:00:00.000,16,"1902","MRP"
"General Project","Civil","","2880","-2880","10","2880","288","Day",2025-05-16 00:00:00.000,16,"1902","MRP"
"General Project","Civil","","2880","-2880","10","2880","288","Day",2025-05-19 00:00:00.000,16,"1902","MRP"
"General Project","Civil","","2880","-2880","10","2880","288","Day",2025-05-20 00:00:00.000,16,"1902","MRP"
"General Project","Civil","","2880","-2880","10","2880","288","Day",2025-05-21 00:00:00.000,16,"1902","MRP"
"General Project","Civil","","2880","-2880","10","2880","288","Day",2025-05-22 00:00:00.000,16,"1902","MRP"
"General Project","Civil","","2880","-2880","10","2880","288","Day",2025-05-23 00:00:00.000,16,"1902","MRP"
"General Project","Carpenter","","13390","-13390","10","13390","1339","Day",2025-03-31 00:00:00.000,12,"1902","KNY"
"General Project","Carpenter","","13390","-13390","10","13390","1339","Day",2025-04-01 00:00:00.000,12,"1902","KNY"
"General Project","Carpenter","","13390","-13390","10","13390","1339","Day",2025-04-02 00:00:00.000,12,"1902","KNY"
"General Project","Carpenter","","13390","-13390","10","13390","1339","Day",2025-04-03 00:00:00.000,12,"1902","KNY"
"General Project","Carpenter","","13390","-13390","10","13390","1339","Day",2025-04-04 00:00:00.000,12,"1902","KNY"
"General Project","Carpenter","","13390","-13390","10","13390","1339","Day",2025-04-07 00:00:00.000,12,"1902","KNY"
"General Project","Carpenter","","13390","-13390","10","13390","1339","Day",2025-04-08 00:00:00.000,12,"1902","KNY"
"General Project","Carpenter","","13390","-13390","10","13390","1339","Day",2025-04-09 00:00:00.000,12,"1902","KNY"
"General Project","Carpenter","","13390","-13390","10","13390","1339","Day",2025-04-10 00:00:00.000,12,"1902","KNY"
"General Project","Carpenter","","13390","-13390","10","13390","1339","Day",2025-04-11 00:00:00.000,12,"1902","KNY"
"General Project","Carpenter","","13390","-13390","10","13390","1339","Day",2025-04-14 00:00:00.000,12,"1902","KNY"
"General Project","Carpenter","","13390","-13390","10","13390","1339","Day",2025-04-15 00:00:00.000,12,"1902","KNY"
"General Project","Carpenter","","13390","-13390","10","13390","1339","Day",2025-04-16 00:00:00.000,12,"1902","KNY"
"General Project","Carpenter","","13390","-13390","10","13390","1339","Day",2025-04-17 00:00:00.000,12,"1902","KNY"
"General Project","Carpenter","","13390","-13390","10","13390","1339","Day",2025-04-18 00:00:00.000,12,"1902","KNY"
"General Project","Carpenter","","13390","-13390","10","13390","1339","Day",2025-04-21 00:00:00.000,12,"1902","KNY"
"General Project","Carpenter","","13390","-13390","10","13390","1339","Day",2025-04-22 00:00:00.000,12,"1902","KNY"
"General Project","Carpenter","","13390","-13390","10","13390","1339","Day",2025-04-23 00:00:00.000,12,"1902","KNY"
"General Project","Carpenter","","13390","-13390","10","13390","1339","Day",2025-04-24 00:00:00.000,12,"1902","KNY"
"General Project","Carpenter","","13390","-13390","10","13390","1339","Day",2025-04-25 00:00:00.000,12,"1902","KNY"
"General Project","Carpenter","","13390","-13390","10","13390","1339","Day",2025-04-28 00:00:00.000,12,"1902","KNY"
"General Project","Carpenter","","13390","-13390","10","13390","1339","Day",2025-04-29 00:00:00.000,12,"1902","KNY"
"General Project","Carpenter","","13390","-13390","10","13390","1339","Day",2025-04-30 00:00:00.000,12,"1902","KNY"
"General Project","Carpenter","","13390","-13390","10","13390","1339","Day",2025-05-01 00:00:00.000,12,"1902","KNY"
"General Project","Carpenter","","13390","-13390","10","13390","1339","Day",2025-05-02 00:00:00.000,12,"1902","KNY"
"General Project","Carpenter","","13390","-13390","10","13390","1339","Day",2025-05-05 00:00:00.000,12,"1902","KNY"
"General Project","Carpenter","","13390","-13390","10","13390","1339","Day",2025-05-06 00:00:00.000,12,"1902","KNY"
"General Project","Carpenter","","13390","-13390","10","13390","1339","Day",2025-05-07 00:00:00.000,12,"1902","KNY"
"General Project","Carpenter","","13390","-13390","10","13390","1339","Day",2025-05-08 00:00:00.000,12,"1902","KNY"
"General Project","Carpenter","","13390","-13390","10","13390","1339","Day",2025-05-09 00:00:00.000,12,"1902","KNY"
"General Project","Carpenter","","13390","-13390","10","13390","1339","Day",2025-05-12 00:00:00.000,12,"1902","KNY"
"General Project","Carpenter","","13390","-13390","10","13390","1339","Day",2025-05-13 00:00:00.000,12,"1902","KNY"
"General Project","Carpenter","","13390","-13390","10","13390","1339","Day",2025-05-14 00:00:00.000,12,"1902","KNY"
"General Project","Carpenter","","13390","-13390","10","13390","1339","Day",2025-05-15 00:00:00.000,12,"1902","KNY"
"General Project","Carpenter","","13390","-13390","10","13390","1339","Day",2025-05-16 00:00:00.000,12,"1902","KNY"
"General Project","Civil","","2880","-2880","10","2880","288","Day",2025-05-27 00:00:00.000,12,"1902","MRP"
"General Project","Civil","","2880","-2880","10","2880","288","Day",2025-05-28 00:00:00.000,12,"1902","MRP"
"General Project","Civil","","2880","-2880","10","2880","288","Day",2025-05-29 00:00:00.000,12,"1902","MRP"
"General Project","Civil","","2880","-2880","10","2880","288","Day",2025-05-30 00:00:00.000,12,"1902","MRP"
"General Project","Civil","","2880","-2880","10","2880","288","Day",2025-06-02 00:00:00.000,12,"1902","MRP"
"General Project","Civil","","2880","-2880","10","2880","288","Day",2025-06-03 00:00:00.000,12,"1902","MRP"
"General Project","Civil","","2880","-2880","10","2880","288","Day",2025-06-04 00:00:00.000,12,"1902","MRP"
"General Project","Civil","","2880","-2880","10","2880","288","Day",2025-06-05 00:00:00.000,12,"1902","MRP"
"General Project","Civil","","2880","-2880","10","2880","288","Day",2025-06-06 00:00:00.000,12,"1902","MRP"
"General Project","Civil","","2880","-2880","10","2880","288","Day",2025-06-09 00:00:00.000,12,"1902","MRP"
"General Project","Civil","","2880","-2880","10","2880","288","Day",2025-06-10 00:00:00.000,12,"1902","MRP"
"General Project","Civil","","2880","-2880","10","2880","288","Day",2025-06-11 00:00:00.000,12,"1902","MRP"
"General Project","Civil","","2880","-2880","10","2880","288","Day",2025-06-12 00:00:00.000,12,"1902","MRP"
"General Project","Civil","","2880","-2880","10","2880","288","Day",2025-06-13 00:00:00.000,12,"1902","MRP"
"General Project","Civil","","2880","-2880","10","2880","288","Day",2025-06-16 00:00:00.000,12,"1902","MRP"
"General Project","Civil","","2880","-2880","10","2880","288","Day",2025-06-17 00:00:00.000,12,"1902","MRP"
"General Project","Civil","","2880","-2880","10","2880","288","Day",2025-06-18 00:00:00.000,12,"1902","MRP"
"General Project","Civil","","2880","-2880","10","2880","288","Day",2025-06-19 00:00:00.000,12,"1902","MRP"
"General Project","Civil","","2880","-2880","10","2880","288","Day",2025-06-20 00:00:00.000,12,"1902","MRP"
"General Project","Civil","","2880","-2880","10","2880","288","Day",2025-06-23 00:00:00.000,12,"1902","MRP"
"General Project","Civil","","2880","-2880","10","2880","288","Day",2025-06-24 00:00:00.000,12,"1902","MRP"
"General Project","Civil","","2880","-2880","10","2880","288","Day",2025-06-25 00:00:00.000,12,"1902","MRP"
"General Project","Civil","","2880","-2880","10","2880","288","Day",2025-06-26 00:00:00.000,12,"1902","MRP"
"General Project","Civil","","2880","-2880","10","2880","288","Day",2025-06-27 00:00:00.000,12,"1902","MRP"
"General Project","Civil","","2880","-2880","10","2880","288","Day",2025-06-30 00:00:00.000,12,"1902","MRP"
"General Project","Civil","","2880","-2880","10","2880","288","Day",2025-07-01 00:00:00.000,12,"1902","MRP"
"General Project","Civil","","2880","-2880","10","2880","288","Day",2025-07-02 00:00:00.000,12,"1902","MRP"
"General Project","Civil","","2880","-2880","10","2880","288","Day",2025-07-03 00:00:00.000,12,"1902","MRP"
"General Project","Civil","","2880","-2880","10","2880","288","Day",2025-07-07 00:00:00.000,12,"1902","MRP"
"General Project","Civil","","2880","-2880","10","2880","288","Day",2025-07-08 00:00:00.000,12,"1902","MRP"
"General Project","Civil","","2880","-2880","10","2880","288","Day",2025-07-09 00:00:00.000,12,"1902","MRP"
"General Project","Civil","","2880","-2880","10","2880","288","Day",2025-07-10 00:00:00.000,12,"1902","MRP"
"General Project","Civil","","2880","-2880","10","2880","288","Day",2025-07-11 00:00:00.000,12,"1902","MRP"
"General Project","Civil","","2880","-2880","10","2880","288","Day",2025-07-14 00:00:00.000,12,"1902","MRP"
"General Project","Civil","","2880","-2880","10","2880","288","Day",2025-07-15 00:00:00.000,12,"1902","MRP"
"General Project","Civil","","2880","-2880","10","2880","288","Day",2025-07-16 00:00:00.000,12,"1902","MRP"
"General Project","Civil","","2880","-2880","10","2880","288","Day",2025-07-17 00:00:00.000,12,"1902","MRP"
"General Project","Civil","","2880","-2880","10","2880","288","Day",2025-07-18 00:00:00.000,12,"1902","MRP"
"General Project","Civil","","2880","-2880","10","2880","288","Day",2025-07-21 00:00:00.000,12,"1902","MRP"
"General Project","Civil","","2880","-2880","10","2880","288","Day",2025-07-22 00:00:00.000,12,"1902","MRP"
"General Project","Civil","","2880","-2880","10","2880","288","Day",2025-07-23 00:00:00.000,12,"1902","MRP"
"General Project","Civil","","2880","-2880","10","2880","288","Day",2025-07-24 00:00:00.000,12,"1902","MRP"
"General Project","Civil","","2880","-2880","10","2880","288","Day",2025-07-25 00:00:00.000,12,"1902","MRP"
"General Project","Civil","","2880","-2880","10","2880","288","Day",2025-07-28 00:00:00.000,12,"1902","MRP"
"General Project","Civil","","2880","-2880","10","2880","288","Day",2025-07-29 00:00:00.000,12,"1902","MRP"
"General Project","Civil","","2880","-2880","10","2880","288","Day",2025-07-30 00:00:00.000,12,"1902","MRP"
"General Project","Civil","","2880","-2880","10","2880","288","Day",2025-07-31 00:00:00.000,12,"1902","MRP"
"General Project","Civil","","2880","-2880","10","2880","288","Day",2025-08-01 00:00:00.000,12,"1902","MRP"
"General Project","Electrican","129861","87890","41971","10","78810","7881","Day",2025-02-19 00:00:00.000,39,"1902","VEC"
"General Project","Electrican","129861","87890","41971","10","78810","7881","Day",2025-02-20 00:00:00.000,39,"1902","VEC"
"General Project","Electrican","129861","87890","41971","10","78810","7881","Day",2025-02-21 00:00:00.000,39,"1902","VEC"
"General Project","Electrican","129861","87890","41971","10","78810","7881","Day",2025-02-22 00:00:00.000,39,"1902","VEC"
"General Project","Electrican","129861","87890","41971","10","78810","7881","Day",2025-02-24 00:00:00.000,39,"1902","VEC"
"General Project","Electrican","129861","87890","41971","10","78810","7881","Day",2025-02-25 00:00:00.000,39,"1902","VEC"
"General Project","Electrican","129861","87890","41971","10","78810","7881","Day",2025-02-26 00:00:00.000,39,"1902","VEC"
"General Project","Electrican","129861","87890","41971","10","78810","7881","Day",2025-02-27 00:00:00.000,39,"1902","VEC"
"General Project","Electrican","129861","87890","41971","10","78810","7881","Day",2025-02-28 00:00:00.000,39,"1902","VEC"
"General Project","Electrican","129861","87890","41971","10","78810","7881","Day",2025-03-01 00:00:00.000,39,"1902","VEC"
"General Project","Electrican","129861","87890","41971","10","78810","7881","Day",2025-03-03 00:00:00.000,39,"1902","VEC"
"General Project","Electrican","129861","87890","41971","10","78810","7881","Day",2025-03-04 00:00:00.000,39,"1902","VEC"
"General Project","Electrican","129861","87890","41971","10","78810","7881","Day",2025-03-05 00:00:00.000,39,"1902","VEC"
"General Project","Electrican","129861","87890","41971","10","78810","7881","Day",2025-03-06 00:00:00.000,39,"1902","VEC"
"General Project","Electrican","129861","87890","41971","10","78810","7881","Day",2025-03-07 00:00:00.000,39,"1902","VEC"
"General Project","Electrican","129861","87890","41971","10","78810","7881","Day",2025-03-08 00:00:00.000,39,"1902","VEC"
"General Project","Electrican","129861","87890","41971","10","78810","7881","Day",2025-03-10 00:00:00.000,47,"1902","VEC"
"General Project","Electrican","129861","87890","41971","10","78810","7881","Day",2025-03-11 00:00:00.000,47,"1902","VEC"
"General Project","Electrican","129861","87890","41971","10","78810","7881","Day",2025-03-12 00:00:00.000,47,"1902","VEC"
"General Project","Electrican","129861","87890","41971","10","78810","7881","Day",2025-03-13 00:00:00.000,47,"1902","VEC"
"General Project","Electrican","129861","87890","41971","10","78810","7881","Day",2025-03-14 00:00:00.000,47,"1902","VEC"
"General Project","Electrican","129861","87890","41971","10","78810","7881","Day",2025-03-15 00:00:00.000,47,"1902","VEC"
"General Project","Electrican","129861","87890","41971","10","78810","7881","Day",2025-03-17 00:00:00.000,47,"1902","VEC"
"General Project","Electrican","129861","87890","41971","10","78810","7881","Day",2025-03-18 00:00:00.000,47,"1902","VEC"
"General Project","Electrican","129861","87890","41971","10","78810","7881","Day",2025-03-19 00:00:00.000,47,"1902","VEC"
"General Project","Electrican","129861","87890","41971","10","78810","7881","Day",2025-03-20 00:00:00.000,47,"1902","VEC"
"General Project","Electrican","129861","87890","41971","10","78810","7881","Day",2025-03-21 00:00:00.000,47,"1902","VEC"
"General Project","Electrican","129861","87890","41971","10","78810","7881","Day",2025-03-22 00:00:00.000,47,"1902","VEC"
"General Project","Electrican","129861","87890","41971","10","78810","7881","Day",2025-03-24 00:00:00.000,47,"1902","VEC"
"General Project","Electrican","129861","87890","41971","10","78810","7881","Day",2025-03-25 00:00:00.000,47,"1902","VEC"
"General Project","Electrican","129861","87890","41971","10","78810","7881","Day",2025-03-26 00:00:00.000,47,"1902","VEC"
"General Project","Electrican","129861","87890","41971","10","78810","7881","Day",2025-03-27 00:00:00.000,47,"1902","VEC"
"General Project","Electrican","129861","87890","41971","10","78810","7881","Day",2025-03-28 00:00:00.000,47,"1902","VEC"
"General Project","Electrican","129861","87890","41971","10","78810","7881","Day",2025-03-29 00:00:00.000,47,"1902","VEC"
"General Project","Electrican","129861","87890","41971","10","78810","7881","Day",2025-03-31 00:00:00.000,66,"1902","VEC"
"General Project","Electrican","129861","87890","41971","10","78810","7881","Day",2025-04-01 00:00:00.000,66,"1902","VEC"
"General Project","Electrican","129861","87890","41971","10","78810","7881","Day",2025-04-02 00:00:00.000,66,"1902","VEC"
"General Project","Electrican","129861","87890","41971","10","78810","7881","Day",2025-04-03 00:00:00.000,66,"1902","VEC"
"General Project","Electrican","129861","87890","41971","10","78810","7881","Day",2025-04-04 00:00:00.000,66,"1902","VEC"
"General Project","Electrican","129861","87890","41971","10","78810","7881","Day",2025-04-05 00:00:00.000,66,"1902","VEC"
"General Project","Electrican","129861","87890","41971","10","78810","7881","Day",2025-04-07 00:00:00.000,66,"1902","VEC"
"General Project","Electrican","129861","87890","41971","10","78810","7881","Day",2025-04-08 00:00:00.000,66,"1902","VEC"
"General Project","Electrican","129861","87890","41971","10","78810","7881","Day",2025-04-09 00:00:00.000,66,"1902","VEC"
"General Project","Electrican","129861","87890","41971","10","78810","7881","Day",2025-04-10 00:00:00.000,66,"1902","VEC"
"General Project","Electrican","129861","87890","41971","10","78810","7881","Day",2025-04-11 00:00:00.000,66,"1902","VEC"
"General Project","Electrican","129861","87890","41971","10","78810","7881","Day",2025-04-12 00:00:00.000,66,"1902","VEC"
"General Project","Electrican","129861","87890","41971","10","78810","7881","Day",2025-04-14 00:00:00.000,66,"1902","VEC"
"General Project","Electrican","129861","87890","41971","10","78810","7881","Day",2025-04-15 00:00:00.000,66,"1902","VEC"
"General Project","Electrican","129861","87890","41971","10","78810","7881","Day",2025-04-16 00:00:00.000,66,"1902","VEC"
"General Project","Electrican","129861","87890","41971","10","78810","7881","Day",2025-04-17 00:00:00.000,66,"1902","VEC"
"General Project","Electrican","129861","87890","41971","10","78810","7881","Day",2025-04-18 00:00:00.000,66,"1902","VEC"
"General Project","Electrican","129861","87890","41971","10","78810","7881","Day",2025-04-21 00:00:00.000,66,"1902","VEC"
"General Project","Electrican","129861","87890","41971","10","78810","7881","Day",2025-04-22 00:00:00.000,66,"1902","VEC"
"General Project","Electrican","129861","87890","41971","10","78810","7881","Day",2025-04-23 00:00:00.000,66,"1902","VEC"
"General Project","Electrican","129861","87890","41971","10","78810","7881","Day",2025-04-24 00:00:00.000,66,"1902","VEC"
"General Project","Electrican","129861","87890","41971","10","78810","7881","Day",2025-04-25 00:00:00.000,66,"1902","VEC"
"General Project","Electrican","129861","87890","41971","10","78810","7881","Day",2025-04-28 00:00:00.000,65,"1902","VEC"
"General Project","Electrican","129861","87890","41971","10","78810","7881","Day",2025-04-29 00:00:00.000,65,"1902","VEC"
"General Project","Electrican","129861","87890","41971","10","78810","7881","Day",2025-04-30 00:00:00.000,65,"1902","VEC"
"General Project","Electrican","129861","87890","41971","10","78810","7881","Day",2025-05-01 00:00:00.000,65,"1902","VEC"
"General Project","Electrican","129861","87890","41971","10","78810","7881","Day",2025-05-02 00:00:00.000,65,"1902","VEC"
"General Project","Electrican","129861","87890","41971","10","78810","7881","Day",2025-05-03 00:00:00.000,65,"1902","VEC"
"General Project","Electrican","129861","87890","41971","10","78810","7881","Day",2025-05-05 00:00:00.000,74,"1902","VEC"
"General Project","Electrican","129861","87890","41971","10","78810","7881","Day",2025-05-06 00:00:00.000,74,"1902","VEC"
"General Project","Electrican","129861","87890","41971","10","78810","7881","Day",2025-05-07 00:00:00.000,74,"1902","VEC"
"General Project","Electrican","129861","87890","41971","10","78810","7881","Day",2025-05-08 00:00:00.000,74,"1902","VEC"
"General Project","Electrican","129861","87890","41971","10","78810","7881","Day",2025-05-09 00:00:00.000,74,"1902","VEC"
"General Project","Electrican","129861","87890","41971","10","78810","7881","Day",2025-05-12 00:00:00.000,74,"1902","VEC"
"General Project","Electrican","129861","87890","41971","10","78810","7881","Day",2025-05-13 00:00:00.000,74,"1902","VEC"
"General Project","Electrican","129861","87890","41971","10","78810","7881","Day",2025-05-14 00:00:00.000,74,"1902","VEC"
"General Project","Electrican","129861","87890","41971","10","78810","7881","Day",2025-05-15 00:00:00.000,74,"1902","VEC"
"General Project","Electrican","129861","87890","41971","10","78810","7881","Day",2025-05-16 00:00:00.000,74,"1902","VEC"
"General Project","Electrican","129861","87890","41971","10","78810","7881","Day",2025-05-17 00:00:00.000,74,"1902","VEC"
"General Project","Electrican","129861","87890","41971","10","78810","7881","Day",2025-05-19 00:00:00.000,85,"1902","VEC"
"General Project","Electrican","129861","87890","41971","10","78810","7881","Day",2025-05-20 00:00:00.000,85,"1902","VEC"
"General Project","Electrican","129861","87890","41971","10","78810","7881","Day",2025-05-21 00:00:00.000,85,"1902","VEC"
"General Project","Electrican","129861","87890","41971","10","78810","7881","Day",2025-05-22 00:00:00.000,85,"1902","VEC"
"General Project","Electrican","129861","87890","41971","10","78810","7881","Day",2025-05-23 00:00:00.000,85,"1902","VEC"
"General Project","Electrican","129861","87890","41971","10","78810","7881","Day",2025-05-24 00:00:00.000,85,"1902","VEC"
"General Project","Electrican","129861","87890","41971","10","78810","7881","Day",2025-05-27 00:00:00.000,85,"1902","VEC"
"General Project","Electrican","129861","87890","41971","10","78810","7881","Day",2025-05-28 00:00:00.000,85,"1902","VEC"
"General Project","Electrican","129861","87890","41971","10","78810","7881","Day",2025-05-29 00:00:00.000,85,"1902","VEC"
"General Project","Electrican","129861","87890","41971","10","78810","7881","Day",2025-05-30 00:00:00.000,85,"1902","VEC"
"General Project","Electrican","129861","87890","41971","10","78810","7881","Day",2025-05-31 00:00:00.000,85,"1902","VEC"
"General Project","Electrican","129861","87890","41971","10","78810","7881","Day",2025-06-02 00:00:00.000,70,"1902","VEC"
"General Project","Electrican","129861","87890","41971","10","78810","7881","Day",2025-06-03 00:00:00.000,70,"1902","VEC"
"General Project","Electrican","129861","87890","41971","10","78810","7881","Day",2025-06-04 00:00:00.000,70,"1902","VEC"
"General Project","Electrican","129861","87890","41971","10","78810","7881","Day",2025-06-05 00:00:00.000,70,"1902","VEC"
"General Project","Electrican","129861","87890","41971","10","78810","7881","Day",2025-06-06 00:00:00.000,70,"1902","VEC"
"General Project","Electrican","129861","87890","41971","10","78810","7881","Day",2025-06-07 00:00:00.000,70,"1902","VEC"
"General Project","Electrican","129861","87890","41971","10","78810","7881","Day",2025-06-09 00:00:00.000,70,"1902","VEC"
"General Project","Electrican","129861","87890","41971","10","78810","7881","Day",2025-06-10 00:00:00.000,70,"1902","VEC"
"General Project","Electrican","129861","87890","41971","10","78810","7881","Day",2025-06-11 00:00:00.000,70,"1902","VEC"
"General Project","Electrican","129861","87890","41971","10","78810","7881","Day",2025-06-12 00:00:00.000,70,"1902","VEC"
"General Project","Electrican","129861","87890","41971","10","78810","7881","Day",2025-06-13 00:00:00.000,70,"1902","VEC"
"General Project","Electrican","129861","87890","41971","10","78810","7881","Day",2025-06-14 00:00:00.000,70,"1902","VEC"
"General Project","Electrican","129861","87890","41971","10","78810","7881","Day",2025-06-16 00:00:00.000,70,"1902","VEC"
"General Project","Electrican","129861","87890","41971","10","78810","7881","Day",2025-06-17 00:00:00.000,70,"1902","VEC"
"General Project","Electrican","129861","87890","41971","10","78810","7881","Day",2025-06-18 00:00:00.000,70,"1902","VEC"
"General Project","Electrican","129861","87890","41971","10","78810","7881","Day",2025-06-19 00:00:00.000,70,"1902","VEC"
"General Project","Electrican","129861","87890","41971","10","78810","7881","Day",2025-06-20 00:00:00.000,70,"1902","VEC"
"General Project","Electrican","129861","87890","41971","10","78810","7881","Day",2025-06-21 00:00:00.000,70,"1902","VEC"
"General Project","Electrican","129861","87890","41971","10","78810","7881","Day",2025-06-23 00:00:00.000,70,"1902","VEC"
"General Project","Electrican","129861","87890","41971","10","78810","7881","Day",2025-06-24 00:00:00.000,70,"1902","VEC"
"General Project","Electrican","129861","87890","41971","10","78810","7881","Day",2025-06-25 00:00:00.000,70,"1902","VEC"
"General Project","Electrican","129861","87890","41971","10","78810","7881","Day",2025-06-26 00:00:00.000,70,"1902","VEC"
"General Project","Electrican","129861","87890","41971","10","78810","7881","Day",2025-06-27 00:00:00.000,70,"1902","VEC"
"General Project","Electrican","129861","87890","41971","10","78810","7881","Day",2025-06-28 00:00:00.000,70,"1902","VEC"
"General Project","Electrican","129861","87890","41971","10","78810","7881","Day",2025-06-30 00:00:00.000,60,"1902","VEC"
"General Project","Electrican","129861","87890","41971","10","78810","7881","Day",2025-07-01 00:00:00.000,60,"1902","VEC"
"General Project","Electrican","129861","87890","41971","10","78810","7881","Day",2025-07-02 00:00:00.000,60,"1902","VEC"
"General Project","Electrican","129861","87890","41971","10","78810","7881","Day",2025-07-03 00:00:00.000,60,"1902","VEC"
"General Project","Electrican","129861","87890","41971","10","78810","7881","Day",2025-07-07 00:00:00.000,50,"1902","VEC"
"General Project","Electrican","129861","87890","41971","10","78810","7881","Day",2025-07-08 00:00:00.000,50,"1902","VEC"
"General Project","Electrican","129861","87890","41971","10","78810","7881","Day",2025-07-09 00:00:00.000,50,"1902","VEC"
"General Project","Electrican","129861","87890","41971","10","78810","7881","Day",2025-07-10 00:00:00.000,50,"1902","VEC"
"General Project","Electrican","129861","87890","41971","10","78810","7881","Day",2025-07-11 00:00:00.000,50,"1902","VEC"
"General Project","Electrican","129861","87890","41971","10","78810","7881","Day",2025-07-12 00:00:00.000,50,"1902","VEC"
"General Project","Electrican","129861","87890","41971","10","78810","7881","Day",2025-07-14 00:00:00.000,50,"1902","VEC"
"General Project","Electrican","129861","87890","41971","10","78810","7881","Day",2025-07-15 00:00:00.000,50,"1902","VEC"
"General Project","Electrican","129861","87890","41971","10","78810","7881","Day",2025-07-16 00:00:00.000,50,"1902","VEC"
"General Project","Electrican","129861","87890","41971","10","78810","7881","Day",2025-07-17 00:00:00.000,50,"1902","VEC"
"General Project","Electrican","129861","87890","41971","10","78810","7881","Day",2025-07-18 00:00:00.000,50,"1902","VEC"
"General Project","Electrican","129861","87890","41971","10","78810","7881","Day",2025-07-19 00:00:00.000,50,"1902","VEC"
"General Project","Electrican","129861","87890","41971","10","78810","7881","Day",2025-07-21 00:00:00.000,30,"1902","VEC"
"General Project","Electrican","129861","87890","41971","10","78810","7881","Day",2025-07-22 00:00:00.000,30,"1902","VEC"
"General Project","Electrican","129861","87890","41971","10","78810","7881","Day",2025-07-23 00:00:00.000,30,"1902","VEC"
"General Project","Electrican","129861","87890","41971","10","78810","7881","Day",2025-07-24 00:00:00.000,30,"1902","VEC"
"General Project","Electrican","129861","87890","41971","10","78810","7881","Day",2025-07-25 00:00:00.000,30,"1902","VEC"
"General Project","Electrican","129861","87890","41971","10","78810","7881","Day",2025-07-26 00:00:00.000,30,"1902","VEC"
"General Project","Electrican","129861","87890","41971","10","78810","7881","Day",2025-07-28 00:00:00.000,30,"1902","VEC"
"General Project","Electrican","129861","87890","41971","10","78810","7881","Day",2025-07-29 00:00:00.000,30,"1902","VEC"
"General Project","Electrican","129861","87890","41971","10","78810","7881","Day",2025-07-30 00:00:00.000,30,"1902","VEC"
"General Project","Electrican","129861","87890","41971","10","78810","7881","Day",2025-07-31 00:00:00.000,30,"1902","VEC"
"General Project","Electrican","129861","87890","41971","10","78810","7881","Day",2025-08-01 00:00:00.000,30,"1902","VEC"
"General Project","Electrican","129861","87890","41971","10","78810","7881","Day",2025-08-02 00:00:00.000,30,"1902","VEC"
"General Project","Electrican","129861","87890","41971","10","78810","7881","Day",2025-08-04 00:00:00.000,30,"1902","VEC"
"General Project","Electrican","129861","87890","41971","10","78810","7881","Day",2025-08-05 00:00:00.000,30,"1902","VEC"
"General Project","Electrican","129861","87890","41971","10","78810","7881","Day",2025-08-06 00:00:00.000,30,"1902","VEC"
"General Project","Electrican","129861","87890","41971","10","78810","7881","Day",2025-08-07 00:00:00.000,30,"1902","VEC"
"General Project","Electrican","129861","87890","41971","10","78810","7881","Day",2025-08-08 00:00:00.000,30,"1902","VEC"
"General Project","Electrican","129861","87890","41971","10","78810","7881","Day",2025-08-09 00:00:00.000,30,"1902","VEC"
"General Project","Electrican","129861","87890","41971","10","78810","7881","Day",2025-08-11 00:00:00.000,30,"1902","VEC"
"General Project","Electrican","129861","87890","41971","10","78810","7881","Day",2025-08-12 00:00:00.000,30,"1902","VEC"
"General Project","Electrican","129861","87890","41971","10","78810","7881","Day",2025-08-13 00:00:00.000,30,"1902","VEC"
"General Project","Electrican","129861","87890","41971","10","78810","7881","Day",2025-08-14 00:00:00.000,30,"1902","VEC"
"General Project","Electrican","129861","87890","41971","10","78810","7881","Day",2025-08-15 00:00:00.000,30,"1902","VEC"
"General Project","Electrican","129861","87890","41971","10","78810","7881","Day",2025-08-16 00:00:00.000,30,"1902","VEC"
"General Project","Electrican","129861","87890","41971","10","78810","7881","Day",2025-08-18 00:00:00.000,30,"1902","VEC"
"General Project","Electrican","129861","87890","41971","10","78810","7881","Day",2025-08-19 00:00:00.000,30,"1902","VEC"
"General Project","Electrican","129861","87890","41971","10","78810","7881","Day",2025-08-20 00:00:00.000,30,"1902","VEC"
"General Project","Electrican","129861","87890","41971","10","78810","7881","Day",2025-08-21 00:00:00.000,30,"1902","VEC"
"General Project","Electrican","129861","87890","41971","10","78810","7881","Day",2025-08-22 00:00:00.000,30,"1902","VEC"
"General Project","Electrican","129861","87890","41971","10","78810","7881","Day",2025-08-23 00:00:00.000,30,"1902","VEC"
"General Project","Electrican","129861","87890","41971","10","78810","7881","Day",2025-08-25 00:00:00.000,30,"1902","VEC"
"General Project","Electrican","129861","87890","41971","10","78810","7881","Day",2025-08-26 00:00:00.000,30,"1902","VEC"
"General Project","Electrican","129861","87890","41971","10","78810","7881","Day",2025-08-27 00:00:00.000,30,"1902","VEC"
"General Project","Electrican","129861","87890","41971","10","78810","7881","Day",2025-08-28 00:00:00.000,30,"1902","VEC"
"General Project","Electrican","129861","87890","41971","10","78810","7881","Day",2025-08-29 00:00:00.000,30,"1902","VEC"
"General Project","Electrican","129861","87890","41971","10","78810","7881","Day",2025-08-30 00:00:00.000,30,"1902","VEC"
"General Project","Electrican","129861","87890","41971","10","78810","7881","Day",2025-09-02 00:00:00.000,30,"1902","VEC"
"General Project","Electrican","129861","87890","41971","10","78810","7881","Day",2025-09-03 00:00:00.000,30,"1902","VEC"
"General Project","Electrican","129861","87890","41971","10","78810","7881","Day",2025-09-04 00:00:00.000,30,"1902","VEC"
"General Project","Electrican","129861","87890","41971","10","78810","7881","Day",2025-09-05 00:00:00.000,30,"1902","VEC"
"General Project","Electrican","129861","87890","41971","10","78810","7881","Day",2025-09-06 00:00:00.000,30,"1902","VEC"
"General Project","Electrican","129861","87890","41971","10","78810","7881","Day",2025-09-08 00:00:00.000,30,"1902","VEC"
"General Project","Electrican","129861","87890","41971","10","78810","7881","Day",2025-09-09 00:00:00.000,30,"1902","VEC"
"General Project","Electrican","129861","87890","41971","10","78810","7881","Day",2025-09-10 00:00:00.000,30,"1902","VEC"
"General Project","Electrican","129861","87890","41971","10","78810","7881","Day",2025-09-11 00:00:00.000,30,"1902","VEC"
"General Project","Electrican","129861","87890","41971","10","78810","7881","Day",2025-09-12 00:00:00.000,30,"1902","VEC"
"General Project","Electrican","129861","87890","41971","10","78810","7881","Day",2025-09-13 00:00:00.000,30,"1902","VEC"
"General Project","Electrican","129861","87890","41971","10","78810","7881","Day",2025-09-15 00:00:00.000,30,"1902","VEC"
"General Project","Electrican","129861","87890","41971","10","78810","7881","Day",2025-09-16 00:00:00.000,30,"1902","VEC"
"General Project","Electrican","129861","87890","41971","10","78810","7881","Day",2025-09-17 00:00:00.000,30,"1902","VEC"
"General Project","Electrican","129861","87890","41971","10","78810","7881","Day",2025-09-18 00:00:00.000,30,"1902","VEC"
"General Project","Electrican","129861","87890","41971","10","78810","7881","Day",2025-09-19 00:00:00.000,30,"1902","VEC"
"General Project","Electrican","129861","87890","41971","10","78810","7881","Day",2025-09-20 00:00:00.000,30,"1902","VEC"
"General Project","Electrican","129861","87890","41971","10","78810","7881","Day",2025-09-22 00:00:00.000,30,"1902","VEC"
"General Project","Electrican","129861","87890","41971","10","78810","7881","Day",2025-09-23 00:00:00.000,30,"1902","VEC"
"General Project","Electrican","129861","87890","41971","10","78810","7881","Day",2025-09-24 00:00:00.000,30,"1902","VEC"
"General Project","Electrican","129861","87890","41971","10","78810","7881","Day",2025-09-25 00:00:00.000,30,"1902","VEC"
"General Project","Electrican","129861","87890","41971","10","78810","7881","Day",2025-09-26 00:00:00.000,30,"1902","VEC"
"General Project","Electrican","129861","87890","41971","10","78810","7881","Day",2025-09-27 00:00:00.000,30,"1902","VEC"
"240 - Cayenne","Electrican","0","0","0","10","0","0","Day",2025-05-22 00:00:00.000,,"1902","VEC"
"General Project","Insulation","34980","34080","900","10","14910","1491","Day",2025-03-31 00:00:00.000,11,"1902","PCI"
"General Project","Insulation","34980","34080","900","10","14910","1491","Day",2025-04-01 00:00:00.000,11,"1902","PCI"
"General Project","Insulation","34980","34080","900","10","14910","1491","Day",2025-04-02 00:00:00.000,11,"1902","PCI"
"General Project","Insulation","34980","34080","900","10","14910","1491","Day",2025-04-03 00:00:00.000,11,"1902","PCI"
"General Project","Insulation","34980","34080","900","10","14910","1491","Day",2025-04-04 00:00:00.000,11,"1902","PCI"
"General Project","Insulation","34980","34080","900","10","14910","1491","Day",2025-04-05 00:00:00.000,5,"1902","PCI"
"General Project","Insulation","34980","34080","900","10","14910","1491","Day",2025-04-07 00:00:00.000,10,"1902","PCI"
"General Project","Insulation","34980","34080","900","10","14910","1491","Day",2025-04-08 00:00:00.000,10,"1902","PCI"
"General Project","Insulation","34980","34080","900","10","14910","1491","Day",2025-04-09 00:00:00.000,10,"1902","PCI"
"General Project","Insulation","34980","34080","900","10","14910","1491","Day",2025-04-10 00:00:00.000,10,"1902","PCI"
"General Project","Insulation","34980","34080","900","10","14910","1491","Day",2025-04-11 00:00:00.000,10,"1902","PCI"
"General Project","Insulation","34980","34080","900","10","14910","1491","Day",2025-04-12 00:00:00.000,5,"1902","PCI"
"General Project","Insulation","34980","34080","900","10","14910","1491","Day",2025-04-14 00:00:00.000,10,"1902","PCI"
"General Project","Insulation","34980","34080","900","10","14910","1491","Day",2025-04-15 00:00:00.000,10,"1902","PCI"
"General Project","Insulation","34980","34080","900","10","14910","1491","Day",2025-04-16 00:00:00.000,10,"1902","PCI"
"General Project","Insulation","34980","34080","900","10","14910","1491","Day",2025-04-17 00:00:00.000,10,"1902","PCI"
"General Project","Insulation","34980","34080","900","10","14910","1491","Day",2025-04-18 00:00:00.000,10,"1902","PCI"
"General Project","Insulation","34980","34080","900","10","14910","1491","Day",2025-04-19 00:00:00.000,5,"1902","PCI"
"General Project","Insulation","34980","34080","900","10","14910","1491","Day",2025-04-21 00:00:00.000,13,"1902","PCI"
"General Project","Insulation","34980","34080","900","10","14910","1491","Day",2025-04-22 00:00:00.000,13,"1902","PCI"
"General Project","Insulation","34980","34080","900","10","14910","1491","Day",2025-04-23 00:00:00.000,13,"1902","PCI"
"General Project","Insulation","34980","34080","900","10","14910","1491","Day",2025-04-24 00:00:00.000,13,"1902","PCI"
"General Project","Insulation","34980","34080","900","10","14910","1491","Day",2025-04-25 00:00:00.000,13,"1902","PCI"
"General Project","Insulation","34980","34080","900","10","14910","1491","Day",2025-04-26 00:00:00.000,5,"1902","PCI"
"General Project","Insulation","34980","34080","900","10","14910","1491","Day",2025-04-28 00:00:00.000,18,"1902","PCI"
"General Project","Insulation","34980","34080","900","10","14910","1491","Day",2025-04-29 00:00:00.000,18,"1902","PCI"
"General Project","Insulation","34980","34080","900","10","14910","1491","Day",2025-04-30 00:00:00.000,18,"1902","PCI"
"General Project","Insulation","34980","34080","900","10","14910","1491","Day",2025-05-01 00:00:00.000,18,"1902","PCI"
"General Project","Insulation","34980","34080","900","10","14910","1491","Day",2025-05-02 00:00:00.000,18,"1902","PCI"
"General Project","Insulation","34980","34080","900","10","14910","1491","Day",2025-05-03 00:00:00.000,8,"1902","PCI"
"General Project","Insulation","34980","34080","900","10","14910","1491","Day",2025-05-05 00:00:00.000,18,"1902","PCI"
"General Project","Insulation","34980","34080","900","10","14910","1491","Day",2025-05-06 00:00:00.000,18,"1902","PCI"
"General Project","Insulation","34980","34080","900","10","14910","1491","Day",2025-05-07 00:00:00.000,18,"1902","PCI"
"General Project","Insulation","34980","34080","900","10","14910","1491","Day",2025-05-08 00:00:00.000,18,"1902","PCI"
"General Project","Insulation","34980","34080","900","10","14910","1491","Day",2025-05-09 00:00:00.000,18,"1902","PCI"
"General Project","Insulation","34980","34080","900","10","14910","1491","Day",2025-05-10 00:00:00.000,8,"1902","PCI"
"General Project","Insulation","34980","34080","900","10","14910","1491","Day",2025-05-12 00:00:00.000,18,"1902","PCI"
"General Project","Insulation","34980","34080","900","10","14910","1491","Day",2025-05-13 00:00:00.000,18,"1902","PCI"
"General Project","Insulation","34980","34080","900","10","14910","1491","Day",2025-05-14 00:00:00.000,18,"1902","PCI"
"General Project","Insulation","34980","34080","900","10","14910","1491","Day",2025-05-15 00:00:00.000,18,"1902","PCI"
"General Project","Insulation","34980","34080","900","10","14910","1491","Day",2025-05-16 00:00:00.000,18,"1902","PCI"
"General Project","Insulation","34980","34080","900","10","14910","1491","Day",2025-05-17 00:00:00.000,8,"1902","PCI"
"General Project","Insulation","34980","34080","900","10","14910","1491","Day",2025-05-19 00:00:00.000,1,"1902","PCI"
"General Project","Insulation","34980","34080","900","10","14910","1491","Day",2025-05-20 00:00:00.000,1,"1902","PCI"
"General Project","Insulation","34980","34080","900","10","14910","1491","Day",2025-05-21 00:00:00.000,1,"1902","PCI"
"General Project","Insulation","34980","34080","900","10","14910","1491","Day",2025-05-22 00:00:00.000,1,"1902","PCI"
"General Project","Insulation","34980","34080","900","10","14910","1491","Day",2025-05-23 00:00:00.000,1,"1902","PCI"
"General Project","Insulation","34980","34080","900","10","14910","1491","Day",2025-05-27 00:00:00.000,1,"1902","PCI"
"General Project","Insulation","34980","34080","900","10","14910","1491","Day",2025-05-28 00:00:00.000,1,"1902","PCI"
"General Project","Insulation","34980","34080","900","10","14910","1491","Day",2025-05-29 00:00:00.000,1,"1902","PCI"
"General Project","Insulation","34980","34080","900","10","14910","1491","Day",2025-05-30 00:00:00.000,1,"1902","PCI"
"General Project","Insulation","34980","34080","900","10","14910","1491","Day",2025-05-31 00:00:00.000,0,"1902","PCI"
"General Project","Insulation","34980","34080","900","10","14910","1491","Day",2025-06-02 00:00:00.000,1,"1902","PCI"
"General Project","Insulation","34980","34080","900","10","14910","1491","Day",2025-06-03 00:00:00.000,1,"1902","PCI"
"General Project","Insulation","34980","34080","900","10","14910","1491","Day",2025-06-04 00:00:00.000,1,"1902","PCI"
"General Project","Insulation","34980","34080","900","10","14910","1491","Day",2025-06-05 00:00:00.000,1,"1902","PCI"
"General Project","Insulation","34980","34080","900","10","14910","1491","Day",2025-06-06 00:00:00.000,1,"1902","PCI"
"General Project","Insulation","34980","34080","900","10","14910","1491","Day",2025-06-07 00:00:00.000,0,"1902","PCI"
"General Project","Insulation","34980","34080","900","10","14910","1491","Day",2025-06-09 00:00:00.000,1,"1902","PCI"
"General Project","Insulation","34980","34080","900","10","14910","1491","Day",2025-06-10 00:00:00.000,1,"1902","PCI"
"General Project","Insulation","34980","34080","900","10","14910","1491","Day",2025-06-11 00:00:00.000,1,"1902","PCI"
"General Project","Insulation","34980","34080","900","10","14910","1491","Day",2025-06-12 00:00:00.000,1,"1902","PCI"
"General Project","Insulation","34980","34080","900","10","14910","1491","Day",2025-06-13 00:00:00.000,1,"1902","PCI"
"General Project","Insulation","34980","34080","900","10","14910","1491","Day",2025-06-14 00:00:00.000,0,"1902","PCI"
"General Project","Insulation","34980","34080","900","10","14910","1491","Day",2025-06-16 00:00:00.000,1,"1902","PCI"
"General Project","Insulation","34980","34080","900","10","14910","1491","Day",2025-06-17 00:00:00.000,1,"1902","PCI"
"General Project","Insulation","34980","34080","900","10","14910","1491","Day",2025-06-18 00:00:00.000,1,"1902","PCI"
"General Project","Insulation","34980","34080","900","10","14910","1491","Day",2025-06-19 00:00:00.000,1,"1902","PCI"
"General Project","Insulation","34980","34080","900","10","14910","1491","Day",2025-06-20 00:00:00.000,1,"1902","PCI"
"General Project","Insulation","34980","34080","900","10","14910","1491","Day",2025-06-21 00:00:00.000,0,"1902","PCI"
"General Project","Insulation","34980","34080","900","10","14910","1491","Day",2025-06-23 00:00:00.000,1,"1902","PCI"
"General Project","Insulation","34980","34080","900","10","14910","1491","Day",2025-06-24 00:00:00.000,1,"1902","PCI"
"General Project","Insulation","34980","34080","900","10","14910","1491","Day",2025-06-25 00:00:00.000,1,"1902","PCI"
"General Project","Insulation","34980","34080","900","10","14910","1491","Day",2025-06-26 00:00:00.000,1,"1902","PCI"
"General Project","Insulation","34980","34080","900","10","14910","1491","Day",2025-06-27 00:00:00.000,1,"1902","PCI"
"General Project","Insulation","34980","34080","900","10","14910","1491","Day",2025-06-28 00:00:00.000,0,"1902","PCI"
"General Project","Insulation","34980","34080","900","10","14910","1491","Day",2025-06-30 00:00:00.000,1,"1902","PCI"
"General Project","Insulation","34980","34080","900","10","14910","1491","Day",2025-07-01 00:00:00.000,1,"1902","PCI"
"General Project","Insulation","34980","34080","900","10","14910","1491","Day",2025-07-02 00:00:00.000,1,"1902","PCI"
"General Project","Insulation","34980","34080","900","10","14910","1491","Day",2025-07-03 00:00:00.000,1,"1902","PCI"
"General Project","Insulation","34980","34080","900","10","14910","1491","Day",2025-07-05 00:00:00.000,0,"1902","PCI"
"General Project","Insulation","34980","34080","900","10","14910","1491","Day",2025-07-07 00:00:00.000,1,"1902","PCI"
"General Project","Insulation","34980","34080","900","10","14910","1491","Day",2025-07-08 00:00:00.000,1,"1902","PCI"
"General Project","Insulation","34980","34080","900","10","14910","1491","Day",2025-07-09 00:00:00.000,1,"1902","PCI"
"General Project","Insulation","34980","34080","900","10","14910","1491","Day",2025-07-10 00:00:00.000,1,"1902","PCI"
"General Project","Insulation","34980","34080","900","10","14910","1491","Day",2025-07-11 00:00:00.000,1,"1902","PCI"
"General Project","Insulation","34980","34080","900","10","14910","1491","Day",2025-07-12 00:00:00.000,0,"1902","PCI"
"General Project","Insulation","34980","34080","900","10","14910","1491","Day",2025-07-14 00:00:00.000,1,"1902","PCI"
"General Project","Insulation","34980","34080","900","10","14910","1491","Day",2025-07-15 00:00:00.000,1,"1902","PCI"
"General Project","Insulation","34980","34080","900","10","14910","1491","Day",2025-07-16 00:00:00.000,1,"1902","PCI"
"General Project","Insulation","34980","34080","900","10","14910","1491","Day",2025-07-17 00:00:00.000,1,"1902","PCI"
"General Project","Insulation","34980","34080","900","10","14910","1491","Day",2025-07-18 00:00:00.000,1,"1902","PCI"
"General Project","Insulation","34980","34080","900","10","14910","1491","Day",2025-07-19 00:00:00.000,0,"1902","PCI"
"General Project","Insulation","34980","34080","900","10","14910","1491","Day",2025-07-21 00:00:00.000,1,"1902","PCI"
"General Project","Insulation","34980","34080","900","10","14910","1491","Day",2025-07-22 00:00:00.000,1,"1902","PCI"
"General Project","Insulation","34980","34080","900","10","14910","1491","Day",2025-07-23 00:00:00.000,1,"1902","PCI"
"General Project","Insulation","34980","34080","900","10","14910","1491","Day",2025-07-24 00:00:00.000,1,"1902","PCI"
"General Project","Insulation","34980","34080","900","10","14910","1491","Day",2025-07-25 00:00:00.000,1,"1902","PCI"
"General Project","Insulation","34980","34080","900","10","14910","1491","Day",2025-07-26 00:00:00.000,0,"1902","PCI"
"General Project","Insulation","34980","34080","900","10","14910","1491","Day",2025-07-28 00:00:00.000,10,"1902","PCI"
"General Project","Insulation","34980","34080","900","10","14910","1491","Day",2025-07-29 00:00:00.000,10,"1902","PCI"
"General Project","Insulation","34980","34080","900","10","14910","1491","Day",2025-07-30 00:00:00.000,10,"1902","PCI"
"General Project","Insulation","34980","34080","900","10","14910","1491","Day",2025-07-31 00:00:00.000,10,"1902","PCI"
"General Project","Insulation","34980","34080","900","10","14910","1491","Day",2025-08-01 00:00:00.000,10,"1902","PCI"
"General Project","Insulation","34980","34080","900","10","14910","1491","Day",2025-08-02 00:00:00.000,0,"1902","PCI"
"General Project","Insulation","34980","34080","900","10","14910","1491","Day",2025-08-04 00:00:00.000,10,"1902","PCI"
"General Project","Insulation","34980","34080","900","10","14910","1491","Day",2025-08-05 00:00:00.000,10,"1902","PCI"
"General Project","Insulation","34980","34080","900","10","14910","1491","Day",2025-08-06 00:00:00.000,10,"1902","PCI"
"General Project","Insulation","34980","34080","900","10","14910","1491","Day",2025-08-07 00:00:00.000,10,"1902","PCI"
"General Project","Insulation","34980","34080","900","10","14910","1491","Day",2025-08-08 00:00:00.000,10,"1902","PCI"
"General Project","Insulation","34980","34080","900","10","14910","1491","Day",2025-08-09 00:00:00.000,0,"1902","PCI"
"General Project","Insulation","34980","34080","900","10","14910","1491","Day",2025-08-11 00:00:00.000,10,"1902","PCI"
"General Project","Insulation","34980","34080","900","10","14910","1491","Day",2025-08-12 00:00:00.000,10,"1902","PCI"
"General Project","Insulation","34980","34080","900","10","14910","1491","Day",2025-08-13 00:00:00.000,10,"1902","PCI"
"General Project","Insulation","34980","34080","900","10","14910","1491","Day",2025-08-14 00:00:00.000,10,"1902","PCI"
"General Project","Insulation","34980","34080","900","10","14910","1491","Day",2025-08-15 00:00:00.000,10,"1902","PCI"
"General Project","Insulation","34980","34080","900","10","14910","1491","Day",2025-08-16 00:00:00.000,0,"1902","PCI"
"General Project","Insulation","34980","34080","900","10","14910","1491","Day",2025-08-18 00:00:00.000,10,"1902","PCI"
"General Project","Insulation","34980","34080","900","10","14910","1491","Day",2025-08-19 00:00:00.000,10,"1902","PCI"
"General Project","Insulation","34980","34080","900","10","14910","1491","Day",2025-08-20 00:00:00.000,10,"1902","PCI"
"General Project","Insulation","34980","34080","900","10","14910","1491","Day",2025-08-21 00:00:00.000,10,"1902","PCI"
"General Project","Insulation","34980","34080","900","10","14910","1491","Day",2025-08-22 00:00:00.000,10,"1902","PCI"
"General Project","Insulation","34980","34080","900","10","14910","1491","Day",2025-08-23 00:00:00.000,0,"1902","PCI"
"General Project","Insulation","34980","34080","900","10","14910","1491","Day",2025-08-25 00:00:00.000,10,"1902","PCI"
"General Project","Insulation","34980","34080","900","10","14910","1491","Day",2025-08-26 00:00:00.000,10,"1902","PCI"
"General Project","Insulation","34980","34080","900","10","14910","1491","Day",2025-08-27 00:00:00.000,10,"1902","PCI"
"General Project","Insulation","34980","34080","900","10","14910","1491","Day",2025-08-28 00:00:00.000,10,"1902","PCI"
"General Project","Insulation","34980","34080","900","10","14910","1491","Day",2025-08-29 00:00:00.000,10,"1902","PCI"
"General Project","Insulation","34980","34080","900","10","14910","1491","Day",2025-08-30 00:00:00.000,0,"1902","PCI"
"General Project","Insulation","34980","34080","900","10","14910","1491","Day",2025-09-02 00:00:00.000,32,"1902","PCI"
"General Project","Insulation","34980","34080","900","10","14910","1491","Day",2025-09-03 00:00:00.000,32,"1902","PCI"
"General Project","Insulation","34980","34080","900","10","14910","1491","Day",2025-09-04 00:00:00.000,32,"1902","PCI"
"General Project","Insulation","34980","34080","900","10","14910","1491","Day",2025-09-05 00:00:00.000,32,"1902","PCI"
"General Project","Insulation","34980","34080","900","10","14910","1491","Day",2025-09-06 00:00:00.000,0,"1902","PCI"
"General Project","Insulation","34980","34080","900","10","14910","1491","Day",2025-09-08 00:00:00.000,32,"1902","PCI"
"General Project","Insulation","34980","34080","900","10","14910","1491","Day",2025-09-09 00:00:00.000,32,"1902","PCI"
"General Project","Insulation","34980","34080","900","10","14910","1491","Day",2025-09-10 00:00:00.000,32,"1902","PCI"
"General Project","Insulation","34980","34080","900","10","14910","1491","Day",2025-09-11 00:00:00.000,32,"1902","PCI"
"General Project","Insulation","34980","34080","900","10","14910","1491","Day",2025-09-12 00:00:00.000,32,"1902","PCI"
"General Project","Insulation","34980","34080","900","10","14910","1491","Day",2025-09-13 00:00:00.000,0,"1902","PCI"
"General Project","Insulation","34980","34080","900","10","14910","1491","Day",2025-09-15 00:00:00.000,25,"1902","PCI"
"General Project","Insulation","34980","34080","900","10","14910","1491","Day",2025-09-16 00:00:00.000,25,"1902","PCI"
"General Project","Insulation","34980","34080","900","10","14910","1491","Day",2025-09-17 00:00:00.000,25,"1902","PCI"
"General Project","Insulation","34980","34080","900","10","14910","1491","Day",2025-09-18 00:00:00.000,25,"1902","PCI"
"General Project","Insulation","34980","34080","900","10","14910","1491","Day",2025-09-19 00:00:00.000,25,"1902","PCI"
"General Project","Insulation","34980","34080","900","10","14910","1491","Day",2025-09-20 00:00:00.000,0,"1902","PCI"
"General Project","Insulation","34980","34080","900","10","14910","1491","Day",2025-09-22 00:00:00.000,20,"1902","PCI"
"General Project","Insulation","34980","34080","900","10","14910","1491","Day",2025-09-23 00:00:00.000,20,"1902","PCI"
"General Project","Insulation","34980","34080","900","10","14910","1491","Day",2025-09-24 00:00:00.000,20,"1902","PCI"
"General Project","Insulation","34980","34080","900","10","14910","1491","Day",2025-09-25 00:00:00.000,20,"1902","PCI"
"General Project","Insulation","34980","34080","900","10","14910","1491","Day",2025-09-26 00:00:00.000,20,"1902","PCI"
"General Project","Insulation","34980","34080","900","10","14910","1491","Day",2025-09-27 00:00:00.000,0,"1902","PCI"
"General Project","Insulation","34980","34080","900","10","14910","1491","Day",2025-09-29 00:00:00.000,15,"1902","PCI"
"General Project","Insulation","34980","34080","900","10","14910","1491","Day",2025-09-30 00:00:00.000,15,"1902","PCI"
"General Project","Insulation","34980","34080","900","10","14910","1491","Day",2025-10-01 00:00:00.000,15,"1902","PCI"
"General Project","Insulation","34980","34080","900","10","14910","1491","Day",2025-10-02 00:00:00.000,15,"1902","PCI"
"General Project","Insulation","34980","34080","900","10","14910","1491","Day",2025-10-03 00:00:00.000,15,"1902","PCI"
"General Project","Insulation","34980","34080","900","10","14910","1491","Day",2025-10-04 00:00:00.000,0,"1902","PCI"
"General Project","Insulation","34980","34080","900","10","14910","1491","Day",2025-10-06 00:00:00.000,11,"1902","PCI"
"General Project","Insulation","34980","34080","900","10","14910","1491","Day",2025-10-07 00:00:00.000,10,"1902","PCI"
"General Project","Insulation","34980","34080","900","10","14910","1491","Day",2025-10-08 00:00:00.000,10,"1902","PCI"
"General Project","Insulation","34980","34080","900","10","14910","1491","Day",2025-10-09 00:00:00.000,10,"1902","PCI"
"General Project","Insulation","34980","34080","900","10","14910","1491","Day",2025-10-10 00:00:00.000,10,"1902","PCI"
"General Project","Insulation","34980","34080","900","10","14910","1491","Day",2025-10-11 00:00:00.000,0,"1902","PCI"
"General Project","Insulation","34980","34080","900","10","14910","1491","Day",2025-10-13 00:00:00.000,4,"1902","PCI"
"General Project","Insulation","34980","34080","900","10","14910","1491","Day",2025-10-14 00:00:00.000,4,"1902","PCI"
"General Project","Insulation","34980","34080","900","10","14910","1491","Day",2025-10-15 00:00:00.000,4,"1902","PCI"
"General Project","Insulation","34980","34080","900","10","14910","1491","Day",2025-10-16 00:00:00.000,4,"1902","PCI"
"General Project","Insulation","34980","34080","900","10","14910","1491","Day",2025-10-17 00:00:00.000,4,"1902","PCI"
"General Project","Insulation","34980","34080","900","10","14910","1491","Day",2025-10-18 00:00:00.000,0,"1902","PCI"
"General Project","Insulation","34980","34080","900","10","14910","1491","Day",2025-10-20 00:00:00.000,0,"1902","PCI"
"General Project","Insulation","34980","34080","900","10","14910","1491","Day",2025-10-21 00:00:00.000,0,"1902","PCI"
"General Project","Insulation","34980","34080","900","10","14910","1491","Day",2025-10-22 00:00:00.000,0,"1902","PCI"
"General Project","Insulation","34980","34080","900","10","14910","1491","Day",2025-10-23 00:00:00.000,0,"1902","PCI"
"General Project","Insulation","34980","34080","900","10","14910","1491","Day",2025-10-24 00:00:00.000,0,"1902","PCI"
"General Project","Insulation","34980","34080","900","10","14910","1491","Day",2025-10-25 00:00:00.000,0,"1902","PCI"
"General Project","Insulation","34980","34080","900","10","14910","1491","Day",2025-10-27 00:00:00.000,0,"1902","PCI"
"General Project","Insulation","34980","34080","900","10","14910","1491","Day",2025-10-28 00:00:00.000,0,"1902","PCI"
"General Project","Insulation","34980","34080","900","10","14910","1491","Day",2025-10-29 00:00:00.000,0,"1902","PCI"
"General Project","Insulation","34980","34080","900","10","14910","1491","Day",2025-10-30 00:00:00.000,0,"1902","PCI"
"General Project","Insulation","34980","34080","900","10","14910","1491","Day",2025-10-31 00:00:00.000,0,"1902","PCI"
"General Project","Insulation","34980","34080","900","10","14910","1491","Day",2025-11-01 00:00:00.000,0,"1902","PCI"
"General Project","Insulation","34980","34080","900","10","14910","1491","Day",2025-11-03 00:00:00.000,0,"1902","PCI"
"General Project","Insulation","34980","34080","900","10","14910","1491","Day",2025-11-04 00:00:00.000,0,"1902","PCI"
"General Project","Insulation","34980","34080","900","10","14910","1491","Day",2025-11-05 00:00:00.000,0,"1902","PCI"
"General Project","Insulation","34980","34080","900","10","14910","1491","Day",2025-11-06 00:00:00.000,0,"1902","PCI"
"General Project","Insulation","34980","34080","900","10","14910","1491","Day",2025-11-07 00:00:00.000,0,"1902","PCI"
"General Project","Insulation","34980","34080","900","10","14910","1491","Day",2025-11-08 00:00:00.000,0,"1902","PCI"
"General Project","Insulation","34980","34080","900","10","14910","1491","Day",2025-11-10 00:00:00.000,0,"1902","PCI"
"General Project","Insulation","34980","34080","900","10","14910","1491","Day",2025-11-11 00:00:00.000,0,"1902","PCI"
"General Project","Insulation","34980","34080","900","10","14910","1491","Day",2025-11-12 00:00:00.000,0,"1902","PCI"
"General Project","Insulation","34980","34080","900","10","14910","1491","Day",2025-11-13 00:00:00.000,0,"1902","PCI"
"General Project","Insulation","34980","34080","900","10","14910","1491","Day",2025-11-14 00:00:00.000,0,"1902","PCI"
"General Project","Insulation","34980","34080","900","10","14910","1491","Day",2025-11-15 00:00:00.000,0,"1902","PCI"
"General Project","Insulation","34980","34080","900","10","14910","1491","Day",2025-11-17 00:00:00.000,0,"1902","PCI"
"General Project","Insulation","34980","34080","900","10","14910","1491","Day",2025-11-18 00:00:00.000,0,"1902","PCI"
"General Project","Insulation","34980","34080","900","10","14910","1491","Day",2025-11-19 00:00:00.000,0,"1902","PCI"
"General Project","Insulation","34980","34080","900","10","14910","1491","Day",2025-11-20 00:00:00.000,0,"1902","PCI"
"General Project","Insulation","34980","34080","900","10","14910","1491","Day",2025-11-21 00:00:00.000,0,"1902","PCI"
"General Project","Insulation","34980","34080","900","10","14910","1491","Day",2025-11-22 00:00:00.000,0,"1902","PCI"
"General Project","Insulation","34980","34080","900","10","14910","1491","Day",2025-11-24 00:00:00.000,0,"1902","PCI"
"General Project","Insulation","34980","34080","900","10","14910","1491","Day",2025-11-25 00:00:00.000,0,"1902","PCI"
"General Project","Insulation","34980","34080","900","10","14910","1491","Day",2025-11-26 00:00:00.000,0,"1902","PCI"
"General Project","Insulation","34980","34080","900","10","14910","1491","Day",2025-11-29 00:00:00.000,0,"1902","PCI"
"General Project","Paint","9814","9600","214","10","9600","960","Day",2025-03-31 00:00:00.000,9,"1902","PCI"
"General Project","Paint","9814","9600","214","10","9600","960","Day",2025-04-01 00:00:00.000,9,"1902","PCI"
"General Project","Paint","9814","9600","214","10","9600","960","Day",2025-04-02 00:00:00.000,9,"1902","PCI"
"General Project","Paint","9814","9600","214","10","9600","960","Day",2025-04-03 00:00:00.000,9,"1902","PCI"
"General Project","Paint","9814","9600","214","10","9600","960","Day",2025-04-04 00:00:00.000,9,"1902","PCI"
"General Project","Paint","9814","9600","214","10","9600","960","Day",2025-04-05 00:00:00.000,0,"1902","PCI"
"General Project","Paint","9814","9600","214","10","9600","960","Day",2025-04-07 00:00:00.000,7,"1902","PCI"
"General Project","Paint","9814","9600","214","10","9600","960","Day",2025-04-08 00:00:00.000,7,"1902","PCI"
"General Project","Paint","9814","9600","214","10","9600","960","Day",2025-04-09 00:00:00.000,7,"1902","PCI"
"General Project","Paint","9814","9600","214","10","9600","960","Day",2025-04-10 00:00:00.000,7,"1902","PCI"
"General Project","Paint","9814","9600","214","10","9600","960","Day",2025-04-11 00:00:00.000,7,"1902","PCI"
"General Project","Paint","9814","9600","214","10","9600","960","Day",2025-04-12 00:00:00.000,0,"1902","PCI"
"General Project","Paint","9814","9600","214","10","9600","960","Day",2025-04-14 00:00:00.000,7,"1902","PCI"
"General Project","Paint","9814","9600","214","10","9600","960","Day",2025-04-15 00:00:00.000,7,"1902","PCI"
"General Project","Paint","9814","9600","214","10","9600","960","Day",2025-04-16 00:00:00.000,7,"1902","PCI"
"General Project","Paint","9814","9600","214","10","9600","960","Day",2025-04-17 00:00:00.000,7,"1902","PCI"
"General Project","Paint","9814","9600","214","10","9600","960","Day",2025-04-18 00:00:00.000,7,"1902","PCI"
"General Project","Paint","9814","9600","214","10","9600","960","Day",2025-04-19 00:00:00.000,0,"1902","PCI"
"General Project","Paint","9814","9600","214","10","9600","960","Day",2025-04-21 00:00:00.000,6,"1902","PCI"
"General Project","Paint","9814","9600","214","10","9600","960","Day",2025-04-22 00:00:00.000,6,"1902","PCI"
"General Project","Paint","9814","9600","214","10","9600","960","Day",2025-04-23 00:00:00.000,6,"1902","PCI"
"General Project","Paint","9814","9600","214","10","9600","960","Day",2025-04-24 00:00:00.000,6,"1902","PCI"
"General Project","Paint","9814","9600","214","10","9600","960","Day",2025-04-25 00:00:00.000,6,"1902","PCI"
"General Project","Paint","9814","9600","214","10","9600","960","Day",2025-04-26 00:00:00.000,0,"1902","PCI"
"General Project","Paint","9814","9600","214","10","9600","960","Day",2025-04-28 00:00:00.000,6,"1902","PCI"
"General Project","Paint","9814","9600","214","10","9600","960","Day",2025-04-29 00:00:00.000,6,"1902","PCI"
"General Project","Paint","9814","9600","214","10","9600","960","Day",2025-04-30 00:00:00.000,11,"1902","PCI"
"General Project","Paint","9814","9600","214","10","9600","960","Day",2025-05-01 00:00:00.000,11,"1902","PCI"
"General Project","Paint","9814","9600","214","10","9600","960","Day",2025-05-02 00:00:00.000,11,"1902","PCI"
"General Project","Paint","9814","9600","214","10","9600","960","Day",2025-05-03 00:00:00.000,0,"1902","PCI"
"General Project","Paint","9814","9600","214","10","9600","960","Day",2025-05-05 00:00:00.000,11,"1902","PCI"
"General Project","Paint","9814","9600","214","10","9600","960","Day",2025-05-06 00:00:00.000,11,"1902","PCI"
"General Project","Paint","9814","9600","214","10","9600","960","Day",2025-05-07 00:00:00.000,6,"1902","PCI"
"General Project","Paint","9814","9600","214","10","9600","960","Day",2025-05-08 00:00:00.000,6,"1902","PCI"
"General Project","Paint","9814","9600","214","10","9600","960","Day",2025-05-09 00:00:00.000,6,"1902","PCI"
"General Project","Paint","9814","9600","214","10","9600","960","Day",2025-05-10 00:00:00.000,0,"1902","PCI"
"General Project","Paint","9814","9600","214","10","9600","960","Day",2025-05-12 00:00:00.000,6,"1902","PCI"
"General Project","Paint","9814","9600","214","10","9600","960","Day",2025-05-13 00:00:00.000,6,"1902","PCI"
"General Project","Paint","9814","9600","214","10","9600","960","Day",2025-05-14 00:00:00.000,6,"1902","PCI"
"General Project","Paint","9814","9600","214","10","9600","960","Day",2025-05-15 00:00:00.000,6,"1902","PCI"
"General Project","Paint","9814","9600","214","10","9600","960","Day",2025-05-16 00:00:00.000,6,"1902","PCI"
"General Project","Paint","9814","9600","214","10","9600","960","Day",2025-05-17 00:00:00.000,0,"1902","PCI"
"General Project","Paint","9814","9600","214","10","9600","960","Day",2025-05-19 00:00:00.000,6,"1902","PCI"
"General Project","Paint","9814","9600","214","10","9600","960","Day",2025-05-20 00:00:00.000,6,"1902","PCI"
"General Project","Paint","9814","9600","214","10","9600","960","Day",2025-05-21 00:00:00.000,6,"1902","PCI"
"General Project","Paint","9814","9600","214","10","9600","960","Day",2025-05-22 00:00:00.000,6,"1902","PCI"
"General Project","Paint","9814","9600","214","10","9600","960","Day",2025-05-23 00:00:00.000,6,"1902","PCI"
"General Project","Paint","9814","9600","214","10","9600","960","Day",2025-05-24 00:00:00.000,0,"1902","PCI"
"General Project","Paint","9814","9600","214","10","9600","960","Day",2025-05-27 00:00:00.000,6,"1902","PCI"
"General Project","Paint","9814","9600","214","10","9600","960","Day",2025-05-28 00:00:00.000,6,"1902","PCI"
"General Project","Paint","9814","9600","214","10","9600","960","Day",2025-05-29 00:00:00.000,6,"1902","PCI"
"General Project","Paint","9814","9600","214","10","9600","960","Day",2025-05-30 00:00:00.000,6,"1902","PCI"
"General Project","Paint","9814","9600","214","10","9600","960","Day",2025-05-31 00:00:00.000,0,"1902","PCI"
"General Project","Paint","9814","9600","214","10","9600","960","Day",2025-06-02 00:00:00.000,6,"1902","PCI"
"General Project","Paint","9814","9600","214","10","9600","960","Day",2025-06-03 00:00:00.000,6,"1902","PCI"
"General Project","Paint","9814","9600","214","10","9600","960","Day",2025-06-04 00:00:00.000,6,"1902","PCI"
"General Project","Paint","9814","9600","214","10","9600","960","Day",2025-06-05 00:00:00.000,6,"1902","PCI"
"General Project","Paint","9814","9600","214","10","9600","960","Day",2025-06-06 00:00:00.000,6,"1902","PCI"
"General Project","Paint","9814","9600","214","10","9600","960","Day",2025-06-07 00:00:00.000,0,"1902","PCI"
"General Project","Paint","9814","9600","214","10","9600","960","Day",2025-06-09 00:00:00.000,2,"1902","PCI"
"General Project","Paint","9814","9600","214","10","9600","960","Day",2025-06-10 00:00:00.000,2,"1902","PCI"
"General Project","Paint","9814","9600","214","10","9600","960","Day",2025-06-11 00:00:00.000,2,"1902","PCI"
"General Project","Paint","9814","9600","214","10","9600","960","Day",2025-06-12 00:00:00.000,2,"1902","PCI"
"General Project","Paint","9814","9600","214","10","9600","960","Day",2025-06-13 00:00:00.000,2,"1902","PCI"
"General Project","Paint","9814","9600","214","10","9600","960","Day",2025-06-14 00:00:00.000,2,"1902","PCI"
"General Project","Paint","9814","9600","214","10","9600","960","Day",2025-06-16 00:00:00.000,3,"1902","PCI"
"General Project","Paint","9814","9600","214","10","9600","960","Day",2025-06-17 00:00:00.000,3,"1902","PCI"
"General Project","Paint","9814","9600","214","10","9600","960","Day",2025-06-18 00:00:00.000,3,"1902","PCI"
"General Project","Paint","9814","9600","214","10","9600","960","Day",2025-06-19 00:00:00.000,3,"1902","PCI"
"General Project","Paint","9814","9600","214","10","9600","960","Day",2025-06-20 00:00:00.000,3,"1902","PCI"
"General Project","Paint","9814","9600","214","10","9600","960","Day",2025-06-21 00:00:00.000,3,"1902","PCI"
"General Project","Paint","9814","9600","214","10","9600","960","Day",2025-06-23 00:00:00.000,3,"1902","PCI"
"General Project","Paint","9814","9600","214","10","9600","960","Day",2025-06-24 00:00:00.000,3,"1902","PCI"
"General Project","Paint","9814","9600","214","10","9600","960","Day",2025-06-25 00:00:00.000,3,"1902","PCI"
"General Project","Paint","9814","9600","214","10","9600","960","Day",2025-06-26 00:00:00.000,5,"1902","PCI"
"General Project","Paint","9814","9600","214","10","9600","960","Day",2025-06-27 00:00:00.000,5,"1902","PCI"
"General Project","Paint","9814","9600","214","10","9600","960","Day",2025-06-28 00:00:00.000,5,"1902","PCI"
"General Project","Paint","9814","9600","214","10","9600","960","Day",2025-06-30 00:00:00.000,5,"1902","PCI"
"General Project","Paint","9814","9600","214","10","9600","960","Day",2025-07-01 00:00:00.000,5,"1902","PCI"
"General Project","Paint","9814","9600","214","10","9600","960","Day",2025-07-02 00:00:00.000,5,"1902","PCI"
"General Project","Paint","9814","9600","214","10","9600","960","Day",2025-07-03 00:00:00.000,5,"1902","PCI"
"General Project","Paint","9814","9600","214","10","9600","960","Day",2025-07-05 00:00:00.000,0,"1902","PCI"
"General Project","Paint","9814","9600","214","10","9600","960","Day",2025-07-07 00:00:00.000,4,"1902","PCI"
"General Project","Paint","9814","9600","214","10","9600","960","Day",2025-07-08 00:00:00.000,4,"1902","PCI"
"General Project","Paint","9814","9600","214","10","9600","960","Day",2025-07-09 00:00:00.000,4,"1902","PCI"
"General Project","Paint","9814","9600","214","10","9600","960","Day",2025-07-10 00:00:00.000,4,"1902","PCI"
"General Project","Paint","9814","9600","214","10","9600","960","Day",2025-07-11 00:00:00.000,4,"1902","PCI"
"General Project","Paint","9814","9600","214","10","9600","960","Day",2025-07-12 00:00:00.000,0,"1902","PCI"
"General Project","Paint","9814","9600","214","10","9600","960","Day",2025-07-14 00:00:00.000,8,"1902","PCI"
"General Project","Paint","9814","9600","214","10","9600","960","Day",2025-07-15 00:00:00.000,8,"1902","PCI"
"General Project","Paint","9814","9600","214","10","9600","960","Day",2025-07-16 00:00:00.000,8,"1902","PCI"
"General Project","Paint","9814","9600","214","10","9600","960","Day",2025-07-17 00:00:00.000,8,"1902","PCI"
"General Project","Paint","9814","9600","214","10","9600","960","Day",2025-07-18 00:00:00.000,8,"1902","PCI"
"General Project","Paint","9814","9600","214","10","9600","960","Day",2025-07-19 00:00:00.000,0,"1902","PCI"
"General Project","Paint","9814","9600","214","10","9600","960","Day",2025-07-21 00:00:00.000,8,"1902","PCI"
"General Project","Paint","9814","9600","214","10","9600","960","Day",2025-07-22 00:00:00.000,8,"1902","PCI"
"General Project","Paint","9814","9600","214","10","9600","960","Day",2025-07-23 00:00:00.000,8,"1902","PCI"
"General Project","Paint","9814","9600","214","10","9600","960","Day",2025-07-24 00:00:00.000,8,"1902","PCI"
"General Project","Paint","9814","9600","214","10","9600","960","Day",2025-07-25 00:00:00.000,8,"1902","PCI"
"General Project","Paint","9814","9600","214","10","9600","960","Day",2025-07-26 00:00:00.000,0,"1902","PCI"
"General Project","Paint","9814","9600","214","10","9600","960","Day",2025-07-28 00:00:00.000,8,"1902","PCI"
"General Project","Paint","9814","9600","214","10","9600","960","Day",2025-07-29 00:00:00.000,8,"1902","PCI"
"General Project","Paint","9814","9600","214","10","9600","960","Day",2025-07-30 00:00:00.000,8,"1902","PCI"
"General Project","Paint","9814","9600","214","10","9600","960","Day",2025-07-31 00:00:00.000,8,"1902","PCI"
"General Project","Paint","9814","9600","214","10","9600","960","Day",2025-08-01 00:00:00.000,8,"1902","PCI"
"General Project","Paint","9814","9600","214","10","9600","960","Day",2025-08-02 00:00:00.000,0,"1902","PCI"
"General Project","Paint","9814","9600","214","10","9600","960","Day",2025-08-04 00:00:00.000,8,"1902","PCI"
"General Project","Paint","9814","9600","214","10","9600","960","Day",2025-08-05 00:00:00.000,8,"1902","PCI"
"General Project","Paint","9814","9600","214","10","9600","960","Day",2025-08-06 00:00:00.000,8,"1902","PCI"
"General Project","Paint","9814","9600","214","10","9600","960","Day",2025-08-07 00:00:00.000,8,"1902","PCI"
"General Project","Paint","9814","9600","214","10","9600","960","Day",2025-08-08 00:00:00.000,8,"1902","PCI"
"General Project","Paint","9814","9600","214","10","9600","960","Day",2025-08-09 00:00:00.000,0,"1902","PCI"
"General Project","Paint","9814","9600","214","10","9600","960","Day",2025-08-11 00:00:00.000,8,"1902","PCI"
"General Project","Paint","9814","9600","214","10","9600","960","Day",2025-08-12 00:00:00.000,8,"1902","PCI"
"General Project","Paint","9814","9600","214","10","9600","960","Day",2025-08-13 00:00:00.000,8,"1902","PCI"
"General Project","Paint","9814","9600","214","10","9600","960","Day",2025-08-14 00:00:00.000,8,"1902","PCI"
"General Project","Paint","9814","9600","214","10","9600","960","Day",2025-08-15 00:00:00.000,8,"1902","PCI"
"General Project","Paint","9814","9600","214","10","9600","960","Day",2025-08-16 00:00:00.000,0,"1902","PCI"
"General Project","Paint","9814","9600","214","10","9600","960","Day",2025-08-18 00:00:00.000,8,"1902","PCI"
"General Project","Paint","9814","9600","214","10","9600","960","Day",2025-08-19 00:00:00.000,8,"1902","PCI"
"General Project","Paint","9814","9600","214","10","9600","960","Day",2025-08-20 00:00:00.000,8,"1902","PCI"
"General Project","Paint","9814","9600","214","10","9600","960","Day",2025-08-21 00:00:00.000,8,"1902","PCI"
"General Project","Paint","9814","9600","214","10","9600","960","Day",2025-08-22 00:00:00.000,8,"1902","PCI"
"General Project","Paint","9814","9600","214","10","9600","960","Day",2025-08-23 00:00:00.000,0,"1902","PCI"
"General Project","Paint","9814","9600","214","10","9600","960","Day",2025-08-25 00:00:00.000,8,"1902","PCI"
"General Project","Paint","9814","9600","214","10","9600","960","Day",2025-08-26 00:00:00.000,8,"1902","PCI"
"General Project","Paint","9814","9600","214","10","9600","960","Day",2025-08-27 00:00:00.000,8,"1902","PCI"
"General Project","Paint","9814","9600","214","10","9600","960","Day",2025-08-28 00:00:00.000,8,"1902","PCI"
"General Project","Paint","9814","9600","214","10","9600","960","Day",2025-08-29 00:00:00.000,8,"1902","PCI"
"General Project","Paint","9814","9600","214","10","9600","960","Day",2025-08-30 00:00:00.000,0,"1902","PCI"
"General Project","Paint","9814","9600","214","10","9600","960","Day",2025-09-02 00:00:00.000,8,"1902","PCI"
"General Project","Paint","9814","9600","214","10","9600","960","Day",2025-09-03 00:00:00.000,8,"1902","PCI"
"General Project","Paint","9814","9600","214","10","9600","960","Day",2025-09-04 00:00:00.000,8,"1902","PCI"
"General Project","Paint","9814","9600","214","10","9600","960","Day",2025-09-05 00:00:00.000,8,"1902","PCI"
"General Project","Paint","9814","9600","214","10","9600","960","Day",2025-09-06 00:00:00.000,0,"1902","PCI"
"General Project","Paint","9814","9600","214","10","9600","960","Day",2025-09-08 00:00:00.000,8,"1902","PCI"
"General Project","Paint","9814","9600","214","10","9600","960","Day",2025-09-09 00:00:00.000,8,"1902","PCI"
"General Project","Paint","9814","9600","214","10","9600","960","Day",2025-09-10 00:00:00.000,8,"1902","PCI"
"General Project","Paint","9814","9600","214","10","9600","960","Day",2025-09-11 00:00:00.000,8,"1902","PCI"
"General Project","Paint","9814","9600","214","10","9600","960","Day",2025-09-12 00:00:00.000,8,"1902","PCI"
"General Project","Paint","9814","9600","214","10","9600","960","Day",2025-09-13 00:00:00.000,0,"1902","PCI"
"General Project","Paint","9814","9600","214","10","9600","960","Day",2025-09-15 00:00:00.000,8,"1902","PCI"
"General Project","Paint","9814","9600","214","10","9600","960","Day",2025-09-16 00:00:00.000,8,"1902","PCI"
"General Project","Paint","9814","9600","214","10","9600","960","Day",2025-09-17 00:00:00.000,8,"1902","PCI"
"General Project","Paint","9814","9600","214","10","9600","960","Day",2025-09-18 00:00:00.000,8,"1902","PCI"
"General Project","Paint","9814","9600","214","10","9600","960","Day",2025-09-19 00:00:00.000,8,"1902","PCI"
"General Project","Paint","9814","9600","214","10","9600","960","Day",2025-09-20 00:00:00.000,0,"1902","PCI"
"General Project","Paint","9814","9600","214","10","9600","960","Day",2025-09-22 00:00:00.000,8,"1902","PCI"
"General Project","Paint","9814","9600","214","10","9600","960","Day",2025-09-23 00:00:00.000,8,"1902","PCI"
"General Project","Paint","9814","9600","214","10","9600","960","Day",2025-09-24 00:00:00.000,8,"1902","PCI"
"General Project","Paint","9814","9600","214","10","9600","960","Day",2025-09-25 00:00:00.000,8,"1902","PCI"
"General Project","Paint","9814","9600","214","10","9600","960","Day",2025-09-26 00:00:00.000,8,"1902","PCI"
"General Project","Paint","9814","9600","214","10","9600","960","Day",2025-09-27 00:00:00.000,0,"1902","PCI"
"General Project","Paint","9814","9600","214","10","9600","960","Day",2025-09-29 00:00:00.000,8,"1902","PCI"
"General Project","Paint","9814","9600","214","10","9600","960","Day",2025-09-30 00:00:00.000,8,"1902","PCI"
"General Project","Paint","9814","9600","214","10","9600","960","Day",2025-10-01 00:00:00.000,8,"1902","PCI"
"General Project","Paint","9814","9600","214","10","9600","960","Day",2025-10-02 00:00:00.000,8,"1902","PCI"
"General Project","Paint","9814","9600","214","10","9600","960","Day",2025-10-03 00:00:00.000,8,"1902","PCI"
"General Project","Paint","9814","9600","214","10","9600","960","Day",2025-10-04 00:00:00.000,0,"1902","PCI"
"General Project","Paint","9814","9600","214","10","9600","960","Day",2025-10-06 00:00:00.000,5,"1902","PCI"
"General Project","Paint","9814","9600","214","10","9600","960","Day",2025-10-07 00:00:00.000,5,"1902","PCI"
"General Project","Paint","9814","9600","214","10","9600","960","Day",2025-10-08 00:00:00.000,5,"1902","PCI"
"General Project","Paint","9814","9600","214","10","9600","960","Day",2025-10-09 00:00:00.000,5,"1902","PCI"
"General Project","Paint","9814","9600","214","10","9600","960","Day",2025-10-10 00:00:00.000,5,"1902","PCI"
"General Project","Paint","9814","9600","214","10","9600","960","Day",2025-10-11 00:00:00.000,0,"1902","PCI"
"General Project","Paint","9814","9600","214","10","9600","960","Day",2025-10-13 00:00:00.000,5,"1902","PCI"
"General Project","Paint","9814","9600","214","10","9600","960","Day",2025-10-14 00:00:00.000,5,"1902","PCI"
"General Project","Paint","9814","9600","214","10","9600","960","Day",2025-10-15 00:00:00.000,5,"1902","PCI"
"General Project","Paint","9814","9600","214","10","9600","960","Day",2025-10-16 00:00:00.000,5,"1902","PCI"
"General Project","Paint","9814","9600","214","10","9600","960","Day",2025-10-17 00:00:00.000,5,"1902","PCI"
"General Project","Paint","9814","9600","214","10","9600","960","Day",2025-10-18 00:00:00.000,0,"1902","PCI"
"General Project","Paint","9814","9600","214","10","9600","960","Day",2025-10-20 00:00:00.000,0,"1902","PCI"
"General Project","Paint","9814","9600","214","10","9600","960","Day",2025-10-21 00:00:00.000,0,"1902","PCI"
"General Project","Paint","9814","9600","214","10","9600","960","Day",2025-10-22 00:00:00.000,0,"1902","PCI"
"General Project","Paint","9814","9600","214","10","9600","960","Day",2025-10-23 00:00:00.000,0,"1902","PCI"
"General Project","Paint","9814","9600","214","10","9600","960","Day",2025-10-24 00:00:00.000,0,"1902","PCI"
"General Project","Paint","9814","9600","214","10","9600","960","Day",2025-10-25 00:00:00.000,0,"1902","PCI"
"General Project","Paint","9814","9600","214","10","9600","960","Day",2025-10-27 00:00:00.000,0,"1902","PCI"
"General Project","Paint","9814","9600","214","10","9600","960","Day",2025-10-28 00:00:00.000,0,"1902","PCI"
"General Project","Paint","9814","9600","214","10","9600","960","Day",2025-10-29 00:00:00.000,0,"1902","PCI"
"General Project","Paint","9814","9600","214","10","9600","960","Day",2025-10-30 00:00:00.000,0,"1902","PCI"
"General Project","Paint","9814","9600","214","10","9600","960","Day",2025-10-31 00:00:00.000,0,"1902","PCI"
"General Project","Paint","9814","9600","214","10","9600","960","Day",2025-11-01 00:00:00.000,0,"1902","PCI"
"General Project","Paint","9814","9600","214","10","9600","960","Day",2025-11-03 00:00:00.000,0,"1902","PCI"
"General Project","Paint","9814","9600","214","10","9600","960","Day",2025-11-04 00:00:00.000,0,"1902","PCI"
"General Project","Paint","9814","9600","214","10","9600","960","Day",2025-11-05 00:00:00.000,0,"1902","PCI"
"General Project","Paint","9814","9600","214","10","9600","960","Day",2025-11-06 00:00:00.000,0,"1902","PCI"
"General Project","Paint","9814","9600","214","10","9600","960","Day",2025-11-07 00:00:00.000,0,"1902","PCI"
"General Project","Paint","9814","9600","214","10","9600","960","Day",2025-11-08 00:00:00.000,0,"1902","PCI"
"General Project","Paint","9814","9600","214","10","9600","960","Day",2025-11-10 00:00:00.000,0,"1902","PCI"
"General Project","Paint","9814","9600","214","10","9600","960","Day",2025-11-11 00:00:00.000,0,"1902","PCI"
"General Project","Paint","9814","9600","214","10","9600","960","Day",2025-11-12 00:00:00.000,0,"1902","PCI"
"General Project","Paint","9814","9600","214","10","9600","960","Day",2025-11-13 00:00:00.000,0,"1902","PCI"
"General Project","Paint","9814","9600","214","10","9600","960","Day",2025-11-14 00:00:00.000,0,"1902","PCI"
"General Project","Paint","9814","9600","214","10","9600","960","Day",2025-11-15 00:00:00.000,0,"1902","PCI"
"General Project","Paint","9814","9600","214","10","9600","960","Day",2025-11-17 00:00:00.000,0,"1902","PCI"
"General Project","Paint","9814","9600","214","10","9600","960","Day",2025-11-18 00:00:00.000,0,"1902","PCI"
"General Project","Paint","9814","9600","214","10","9600","960","Day",2025-11-19 00:00:00.000,0,"1902","PCI"
"General Project","Paint","9814","9600","214","10","9600","960","Day",2025-11-20 00:00:00.000,0,"1902","PCI"
"General Project","Paint","9814","9600","214","10","9600","960","Day",2025-11-21 00:00:00.000,0,"1902","PCI"
"General Project","Paint","9814","9600","214","10","9600","960","Day",2025-11-22 00:00:00.000,0,"1902","PCI"
"General Project","Paint","9814","9600","214","10","9600","960","Day",2025-11-24 00:00:00.000,0,"1902","PCI"
"General Project","Paint","9814","9600","214","10","9600","960","Day",2025-11-25 00:00:00.000,0,"1902","PCI"
"General Project","Paint","9814","9600","214","10","9600","960","Day",2025-11-26 00:00:00.000,0,"1902","PCI"
"General Project","Paint","9814","9600","214","10","9600","960","Day",2025-11-29 00:00:00.000,0,"1902","PCI"
"General Project","Pipefitter","6327","7990","-1663","10","5780","578","Day",2025-03-10 00:00:00.000,33,"1902","HSK"
"General Project","Pipefitter","6327","7990","-1663","10","5780","578","Day",2025-03-11 00:00:00.000,33,"1902","HSK"
"General Project","Pipefitter","6327","7990","-1663","10","5780","578","Day",2025-03-12 00:00:00.000,33,"1902","HSK"
"General Project","Pipefitter","6327","7990","-1663","10","5780","578","Day",2025-03-13 00:00:00.000,33,"1902","HSK"
"General Project","Pipefitter","6327","7990","-1663","10","5780","578","Day",2025-03-14 00:00:00.000,33,"1902","HSK"
"General Project","Pipefitter","6327","7990","-1663","10","5780","578","Day",2025-03-17 00:00:00.000,33,"1902","HSK"
"General Project","Pipefitter","6327","7990","-1663","10","5780","578","Day",2025-03-18 00:00:00.000,33,"1902","HSK"
"General Project","Pipefitter","6327","7990","-1663","10","5780","578","Day",2025-03-19 00:00:00.000,33,"1902","HSK"
"General Project","Pipefitter","6327","7990","-1663","10","5780","578","Day",2025-03-20 00:00:00.000,33,"1902","HSK"
"General Project","Pipefitter","6327","7990","-1663","10","5780","578","Day",2025-03-21 00:00:00.000,33,"1902","HSK"
"General Project","Pipefitter","6327","7990","-1663","10","5780","578","Day",2025-03-24 00:00:00.000,33,"1902","HSK"
"General Project","Pipefitter","6327","7990","-1663","10","5780","578","Day",2025-03-25 00:00:00.000,33,"1902","HSK"
"General Project","Pipefitter","6327","7990","-1663","10","5780","578","Day",2025-03-26 00:00:00.000,33,"1902","HSK"
"General Project","Pipefitter","6327","7990","-1663","10","5780","578","Day",2025-03-27 00:00:00.000,33,"1902","HSK"
"General Project","Pipefitter","6327","7990","-1663","10","5780","578","Day",2025-03-28 00:00:00.000,33,"1902","HSK"
"General Project","Pipefitter","6327","7990","-1663","10","5780","578","Day",2025-03-31 00:00:00.000,33,"1902","HSK"
"General Project","Pipefitter","6327","7990","-1663","10","5780","578","Day",2025-04-01 00:00:00.000,33,"1902","HSK"
"General Project","Pipefitter","6327","7990","-1663","10","5780","578","Day",2025-04-02 00:00:00.000,33,"1902","HSK"
"General Project","Pipefitter","6327","7990","-1663","10","5780","578","Day",2025-04-03 00:00:00.000,33,"1902","HSK"
"General Project","Pipefitter","6327","7990","-1663","10","5780","578","Day",2025-04-04 00:00:00.000,33,"1902","HSK"
"General Project","Pipefitter","6327","7990","-1663","10","5780","578","Day",2025-04-05 00:00:00.000,33,"1902","HSK"
"General Project","Pipefitter","6327","7990","-1663","10","5780","578","Day",2025-04-07 00:00:00.000,33,"1902","HSK"
"General Project","Pipefitter","6327","7990","-1663","10","5780","578","Day",2025-04-08 00:00:00.000,33,"1902","HSK"
"General Project","Pipefitter","6327","7990","-1663","10","5780","578","Day",2025-04-09 00:00:00.000,33,"1902","HSK"
"General Project","Pipefitter","6327","7990","-1663","10","5780","578","Day",2025-04-10 00:00:00.000,33,"1902","HSK"
"General Project","Pipefitter","6327","7990","-1663","10","5780","578","Day",2025-04-11 00:00:00.000,33,"1902","HSK"
"General Project","Pipefitter","6327","7990","-1663","10","5780","578","Day",2025-04-12 00:00:00.000,33,"1902","HSK"
"General Project","Pipefitter","6327","7990","-1663","10","5780","578","Day",2025-04-14 00:00:00.000,33,"1902","HSK"
"General Project","Pipefitter","6327","7990","-1663","10","5780","578","Day",2025-04-15 00:00:00.000,33,"1902","HSK"
"General Project","Pipefitter","6327","7990","-1663","10","5780","578","Day",2025-04-16 00:00:00.000,33,"1902","HSK"
"General Project","Pipefitter","6327","7990","-1663","10","5780","578","Day",2025-04-17 00:00:00.000,33,"1902","HSK"
"General Project","Pipefitter","6327","7990","-1663","10","5780","578","Day",2025-04-18 00:00:00.000,33,"1902","HSK"
"General Project","Pipefitter","6327","7990","-1663","10","5780","578","Day",2025-04-21 00:00:00.000,33,"1902","HSK"
"General Project","Pipefitter","6327","7990","-1663","10","5780","578","Day",2025-04-22 00:00:00.000,33,"1902","HSK"
"General Project","Pipefitter","6327","7990","-1663","10","5780","578","Day",2025-04-23 00:00:00.000,33,"1902","HSK"
"General Project","Pipefitter","6327","7990","-1663","10","5780","578","Day",2025-04-24 00:00:00.000,33,"1902","HSK"
"General Project","Pipefitter","6327","7990","-1663","10","5780","578","Day",2025-04-25 00:00:00.000,33,"1902","HSK"
"General Project","Pipefitter","6327","7990","-1663","10","5780","578","Day",2025-04-28 00:00:00.000,33,"1902","HSK"
"General Project","Pipefitter","6327","7990","-1663","10","5780","578","Day",2025-04-29 00:00:00.000,33,"1902","HSK"
"General Project","Pipefitter","6327","7990","-1663","10","5780","578","Day",2025-04-30 00:00:00.000,33,"1902","HSK"
"General Project","Pipefitter","6327","7990","-1663","10","5780","578","Day",2025-05-01 00:00:00.000,33,"1902","HSK"
"General Project","Pipefitter","6327","7990","-1663","10","5780","578","Day",2025-05-02 00:00:00.000,33,"1902","HSK"
"General Project","Pipefitter","6327","7990","-1663","10","5780","578","Day",2025-05-05 00:00:00.000,33,"1902","HSK"
"General Project","Pipefitter","6327","7990","-1663","10","5780","578","Day",2025-05-06 00:00:00.000,33,"1902","HSK"
"General Project","Pipefitter","6327","7990","-1663","10","5780","578","Day",2025-05-07 00:00:00.000,33,"1902","HSK"
"General Project","Pipefitter","6327","7990","-1663","10","5780","578","Day",2025-05-08 00:00:00.000,33,"1902","HSK"
"General Project","Pipefitter","6327","7990","-1663","10","5780","578","Day",2025-05-09 00:00:00.000,33,"1902","HSK"
"General Project","Pipefitter","6327","7990","-1663","10","5780","578","Day",2025-05-12 00:00:00.000,48,"1902","HSK"
"General Project","Pipefitter","6327","7990","-1663","10","5780","578","Day",2025-05-13 00:00:00.000,48,"1902","HSK"
"General Project","Pipefitter","6327","7990","-1663","10","5780","578","Day",2025-05-14 00:00:00.000,48,"1902","HSK"
"General Project","Pipefitter","6327","7990","-1663","10","5780","578","Day",2025-05-15 00:00:00.000,48,"1902","HSK"
"General Project","Pipefitter","6327","7990","-1663","10","5780","578","Day",2025-05-16 00:00:00.000,48,"1902","HSK"
"General Project","Pipefitter","6327","7990","-1663","10","5780","578","Day",2025-05-19 00:00:00.000,65,"1902","HSK"
"General Project","Pipefitter","6327","7990","-1663","10","5780","578","Day",2025-05-20 00:00:00.000,65,"1902","HSK"
"General Project","Pipefitter","6327","7990","-1663","10","5780","578","Day",2025-05-21 00:00:00.000,65,"1902","HSK"
"General Project","Pipefitter","6327","7990","-1663","10","5780","578","Day",2025-05-22 00:00:00.000,65,"1902","HSK"
"General Project","Pipefitter","6327","7990","-1663","10","5780","578","Day",2025-05-23 00:00:00.000,56,"1902","HSK"
"General Project","Pipefitter","6327","7990","-1663","10","5780","578","Day",2025-05-27 00:00:00.000,49,"1902","HSK"
"General Project","Pipefitter","6327","7990","-1663","10","5780","578","Day",2025-05-28 00:00:00.000,49,"1902","HSK"
"General Project","Pipefitter","6327","7990","-1663","10","5780","578","Day",2025-05-29 00:00:00.000,49,"1902","HSK"
"General Project","Pipefitter","6327","7990","-1663","10","5780","578","Day",2025-05-30 00:00:00.000,49,"1902","HSK"
"General Project","Pipefitter","6327","7990","-1663","10","5780","578","Day",2025-06-02 00:00:00.000,48,"1902","HSK"
"General Project","Pipefitter","6327","7990","-1663","10","5780","578","Day",2025-06-03 00:00:00.000,48,"1902","HSK"
"General Project","Pipefitter","6327","7990","-1663","10","5780","578","Day",2025-06-04 00:00:00.000,48,"1902","HSK"
"General Project","Pipefitter","6327","7990","-1663","10","5780","578","Day",2025-06-05 00:00:00.000,48,"1902","HSK"
"General Project","Pipefitter","6327","7990","-1663","10","5780","578","Day",2025-06-06 00:00:00.000,48,"1902","HSK"
"General Project","Pipefitter","6327","7990","-1663","10","5780","578","Day",2025-06-07 00:00:00.000,48,"1902","HSK"
"General Project","Pipefitter","6327","7990","-1663","10","5780","578","Day",2025-06-09 00:00:00.000,48,"1902","HSK"
"General Project","Pipefitter","6327","7990","-1663","10","5780","578","Day",2025-06-10 00:00:00.000,48,"1902","HSK"
"General Project","Pipefitter","6327","7990","-1663","10","5780","578","Day",2025-06-11 00:00:00.000,48,"1902","HSK"
"General Project","Pipefitter","6327","7990","-1663","10","5780","578","Day",2025-06-12 00:00:00.000,48,"1902","HSK"
"General Project","Pipefitter","6327","7990","-1663","10","5780","578","Day",2025-06-13 00:00:00.000,48,"1902","HSK"
"General Project","Pipefitter","6327","7990","-1663","10","5780","578","Day",2025-06-14 00:00:00.000,48,"1902","HSK"
"General Project","Pipefitter","6327","7990","-1663","10","5780","578","Day",2025-06-16 00:00:00.000,48,"1902","HSK"
"General Project","Pipefitter","6327","7990","-1663","10","5780","578","Day",2025-06-17 00:00:00.000,48,"1902","HSK"
"General Project","Pipefitter","6327","7990","-1663","10","5780","578","Day",2025-06-18 00:00:00.000,48,"1902","HSK"
"General Project","Pipefitter","6327","7990","-1663","10","5780","578","Day",2025-06-19 00:00:00.000,48,"1902","HSK"
"General Project","Pipefitter","6327","7990","-1663","10","5780","578","Day",2025-06-20 00:00:00.000,48,"1902","HSK"
"General Project","Pipefitter","6327","7990","-1663","10","5780","578","Day",2025-06-21 00:00:00.000,48,"1902","HSK"
"General Project","Pipefitter","6327","7990","-1663","10","5780","578","Day",2025-06-23 00:00:00.000,37,"1902","HSK"
"General Project","Pipefitter","6327","7990","-1663","10","5780","578","Day",2025-06-24 00:00:00.000,37,"1902","HSK"
"General Project","Pipefitter","6327","7990","-1663","10","5780","578","Day",2025-06-25 00:00:00.000,37,"1902","HSK"
"General Project","Pipefitter","6327","7990","-1663","10","5780","578","Day",2025-06-26 00:00:00.000,37,"1902","HSK"
"General Project","Pipefitter","6327","7990","-1663","10","5780","578","Day",2025-06-27 00:00:00.000,37,"1902","HSK"
"General Project","Pipefitter","6327","7990","-1663","10","5780","578","Day",2025-06-28 00:00:00.000,37,"1902","HSK"
"General Project","Pipefitter","6327","7990","-1663","10","5780","578","Day",2025-06-30 00:00:00.000,37,"1902","HSK"
"General Project","Pipefitter","6327","7990","-1663","10","5780","578","Day",2025-07-01 00:00:00.000,37,"1902","HSK"
"General Project","Pipefitter","6327","7990","-1663","10","5780","578","Day",2025-07-02 00:00:00.000,37,"1902","HSK"
"General Project","Pipefitter","6327","7990","-1663","10","5780","578","Day",2025-07-03 00:00:00.000,37,"1902","HSK"
"General Project","Pipefitter","6327","7990","-1663","10","5780","578","Day",2025-07-07 00:00:00.000,34,"1902","HSK"
"General Project","Pipefitter","6327","7990","-1663","10","5780","578","Day",2025-07-08 00:00:00.000,34,"1902","HSK"
"General Project","Pipefitter","6327","7990","-1663","10","5780","578","Day",2025-07-09 00:00:00.000,34,"1902","HSK"
"General Project","Pipefitter","6327","7990","-1663","10","5780","578","Day",2025-07-10 00:00:00.000,34,"1902","HSK"
"General Project","Pipefitter","6327","7990","-1663","10","5780","578","Day",2025-07-11 00:00:00.000,34,"1902","HSK"
"General Project","Pipefitter","6327","7990","-1663","10","5780","578","Day",2025-07-12 00:00:00.000,34,"1902","HSK"
"General Project","Pipefitter","6327","7990","-1663","10","5780","578","Day",2025-07-14 00:00:00.000,34,"1902","HSK"
"General Project","Pipefitter","6327","7990","-1663","10","5780","578","Day",2025-07-15 00:00:00.000,34,"1902","HSK"
"General Project","Pipefitter","6327","7990","-1663","10","5780","578","Day",2025-07-16 00:00:00.000,34,"1902","HSK"
"General Project","Pipefitter","6327","7990","-1663","10","5780","578","Day",2025-07-17 00:00:00.000,34,"1902","HSK"
"General Project","Pipefitter","6327","7990","-1663","10","5780","578","Day",2025-07-18 00:00:00.000,34,"1902","HSK"
"General Project","Pipefitter","6327","7990","-1663","10","5780","578","Day",2025-07-19 00:00:00.000,34,"1902","HSK"
"General Project","Pipefitter","6327","7990","-1663","10","5780","578","Day",2025-07-21 00:00:00.000,34,"1902","HSK"
"General Project","Pipefitter","6327","7990","-1663","10","5780","578","Day",2025-07-22 00:00:00.000,34,"1902","HSK"
"General Project","Pipefitter","6327","7990","-1663","10","5780","578","Day",2025-07-23 00:00:00.000,34,"1902","HSK"
"General Project","Pipefitter","6327","7990","-1663","10","5780","578","Day",2025-07-24 00:00:00.000,34,"1902","HSK"
"General Project","Pipefitter","6327","7990","-1663","10","5780","578","Day",2025-07-25 00:00:00.000,34,"1902","HSK"
"General Project","Pipefitter","2000","1360","640","10","1360","136","Day",2025-06-30 00:00:00.000,8,"1902","HSK"
"General Project","Pipefitter","2000","1360","640","10","1360","136","Day",2025-07-01 00:00:00.000,8,"1902","HSK"
"General Project","Pipefitter","2000","1360","640","10","1360","136","Day",2025-07-02 00:00:00.000,8,"1902","HSK"
"General Project","Pipefitter","2000","1360","640","10","1360","136","Day",2025-07-03 00:00:00.000,8,"1902","HSK"
"General Project","Pipefitter","2000","1360","640","10","1360","136","Day",2025-07-07 00:00:00.000,8,"1902","HSK"
"General Project","Pipefitter","2000","1360","640","10","1360","136","Day",2025-07-08 00:00:00.000,8,"1902","HSK"
"General Project","Pipefitter","2000","1360","640","10","1360","136","Day",2025-07-09 00:00:00.000,8,"1902","HSK"
"General Project","Pipefitter","2000","1360","640","10","1360","136","Day",2025-07-10 00:00:00.000,8,"1902","HSK"
"General Project","Pipefitter","2000","1360","640","10","1360","136","Day",2025-07-11 00:00:00.000,8,"1902","HSK"
"General Project","Pipefitter","2000","1360","640","10","1360","136","Day",2025-07-12 00:00:00.000,8,"1902","HSK"
"General Project","Pipefitter","2000","1360","640","10","1360","136","Day",2025-07-14 00:00:00.000,8,"1902","HSK"
"General Project","Pipefitter","2000","1360","640","10","1360","136","Day",2025-07-15 00:00:00.000,8,"1902","HSK"
"General Project","Pipefitter","2000","1360","640","10","1360","136","Day",2025-07-16 00:00:00.000,8,"1902","HSK"
"General Project","Pipefitter","2000","1360","640","10","1360","136","Day",2025-07-17 00:00:00.000,8,"1902","HSK"
"General Project","Pipefitter","2000","1360","640","10","1360","136","Day",2025-07-18 00:00:00.000,8,"1902","HSK"
"General Project","Pipefitter","2000","1360","640","10","1360","136","Day",2025-07-19 00:00:00.000,8,"1902","HSK"
"General Project","Pipefitter","2000","1360","640","10","1360","136","Day",2025-07-21 00:00:00.000,8,"1902","HSK"
"General Project","Pipefitter","2000","1360","640","10","1360","136","Day",2025-07-22 00:00:00.000,8,"1902","HSK"
"General Project","Pipefitter","2000","1360","640","10","1360","136","Day",2025-07-23 00:00:00.000,8,"1902","HSK"
"General Project","Pipefitter","2000","1360","640","10","1360","136","Day",2025-07-24 00:00:00.000,8,"1902","HSK"
"General Project","Pipefitter","2000","1360","640","10","1360","136","Day",2025-07-25 00:00:00.000,8,"1902","HSK"
"General Project","Ironworker","3289","2040","1249","10","2040","204","Day",2025-03-10 00:00:00.000,13,"1902","HSK"
"General Project","Ironworker","3289","2040","1249","10","2040","204","Day",2025-03-11 00:00:00.000,13,"1902","HSK"
"General Project","Ironworker","3289","2040","1249","10","2040","204","Day",2025-03-12 00:00:00.000,13,"1902","HSK"
"General Project","Ironworker","3289","2040","1249","10","2040","204","Day",2025-03-13 00:00:00.000,13,"1902","HSK"
"General Project","Ironworker","3289","2040","1249","10","2040","204","Day",2025-03-14 00:00:00.000,13,"1902","HSK"
"General Project","Ironworker","3289","2040","1249","10","2040","204","Day",2025-03-17 00:00:00.000,13,"1902","HSK"
"General Project","Ironworker","3289","2040","1249","10","2040","204","Day",2025-03-18 00:00:00.000,13,"1902","HSK"
"General Project","Ironworker","3289","2040","1249","10","2040","204","Day",2025-03-19 00:00:00.000,13,"1902","HSK"
"General Project","Ironworker","3289","2040","1249","10","2040","204","Day",2025-03-20 00:00:00.000,13,"1902","HSK"
"General Project","Ironworker","3289","2040","1249","10","2040","204","Day",2025-03-21 00:00:00.000,13,"1902","HSK"
"General Project","Ironworker","3289","2040","1249","10","2040","204","Day",2025-03-24 00:00:00.000,13,"1902","HSK"
"General Project","Ironworker","3289","2040","1249","10","2040","204","Day",2025-03-25 00:00:00.000,13,"1902","HSK"
"General Project","Ironworker","3289","2040","1249","10","2040","204","Day",2025-03-26 00:00:00.000,13,"1902","HSK"
"General Project","Ironworker","3289","2040","1249","10","2040","204","Day",2025-03-27 00:00:00.000,13,"1902","HSK"
"General Project","Ironworker","3289","2040","1249","10","2040","204","Day",2025-03-28 00:00:00.000,13,"1902","HSK"
"General Project","Ironworker","3289","2040","1249","10","2040","204","Day",2025-03-31 00:00:00.000,13,"1902","HSK"
"General Project","Ironworker","3289","2040","1249","10","2040","204","Day",2025-04-01 00:00:00.000,13,"1902","HSK"
"General Project","Ironworker","3289","2040","1249","10","2040","204","Day",2025-04-02 00:00:00.000,13,"1902","HSK"
"General Project","Ironworker","3289","2040","1249","10","2040","204","Day",2025-04-03 00:00:00.000,13,"1902","HSK"
"General Project","Ironworker","3289","2040","1249","10","2040","204","Day",2025-04-04 00:00:00.000,13,"1902","HSK"
"General Project","Ironworker","3289","2040","1249","10","2040","204","Day",2025-04-05 00:00:00.000,13,"1902","HSK"
"General Project","Ironworker","3289","2040","1249","10","2040","204","Day",2025-04-07 00:00:00.000,13,"1902","HSK"
"General Project","Ironworker","3289","2040","1249","10","2040","204","Day",2025-04-08 00:00:00.000,13,"1902","HSK"
"General Project","Ironworker","3289","2040","1249","10","2040","204","Day",2025-04-09 00:00:00.000,13,"1902","HSK"
"General Project","Ironworker","3289","2040","1249","10","2040","204","Day",2025-04-10 00:00:00.000,13,"1902","HSK"
"General Project","Ironworker","3289","2040","1249","10","2040","204","Day",2025-04-11 00:00:00.000,13,"1902","HSK"
"General Project","Ironworker","3289","2040","1249","10","2040","204","Day",2025-04-12 00:00:00.000,13,"1902","HSK"
"General Project","Ironworker","3289","2040","1249","10","2040","204","Day",2025-04-14 00:00:00.000,13,"1902","HSK"
"General Project","Ironworker","3289","2040","1249","10","2040","204","Day",2025-04-15 00:00:00.000,13,"1902","HSK"
"General Project","Ironworker","3289","2040","1249","10","2040","204","Day",2025-04-16 00:00:00.000,13,"1902","HSK"
"General Project","Ironworker","3289","2040","1249","10","2040","204","Day",2025-04-17 00:00:00.000,13,"1902","HSK"
"General Project","Ironworker","3289","2040","1249","10","2040","204","Day",2025-04-18 00:00:00.000,13,"1902","HSK"
"General Project","Ironworker","3289","2040","1249","10","2040","204","Day",2025-04-21 00:00:00.000,13,"1902","HSK"
"General Project","Ironworker","3289","2040","1249","10","2040","204","Day",2025-04-22 00:00:00.000,13,"1902","HSK"
"General Project","Ironworker","3289","2040","1249","10","2040","204","Day",2025-04-23 00:00:00.000,13,"1902","HSK"
"General Project","Ironworker","3289","2040","1249","10","2040","204","Day",2025-04-24 00:00:00.000,13,"1902","HSK"
"General Project","Ironworker","3289","2040","1249","10","2040","204","Day",2025-04-25 00:00:00.000,13,"1902","HSK"
"General Project","Ironworker","3289","2040","1249","10","2040","204","Day",2025-04-28 00:00:00.000,13,"1902","HSK"
"General Project","Ironworker","3289","2040","1249","10","2040","204","Day",2025-04-29 00:00:00.000,13,"1902","HSK"
"General Project","Ironworker","3289","2040","1249","10","2040","204","Day",2025-04-30 00:00:00.000,13,"1902","HSK"
"General Project","Ironworker","3289","2040","1249","10","2040","204","Day",2025-05-01 00:00:00.000,13,"1902","HSK"
"General Project","Ironworker","3289","2040","1249","10","2040","204","Day",2025-05-02 00:00:00.000,13,"1902","HSK"
"General Project","Ironworker","3289","2040","1249","10","2040","204","Day",2025-05-05 00:00:00.000,13,"1902","HSK"
"General Project","Ironworker","3289","2040","1249","10","2040","204","Day",2025-05-06 00:00:00.000,13,"1902","HSK"
"General Project","Ironworker","3289","2040","1249","10","2040","204","Day",2025-05-07 00:00:00.000,13,"1902","HSK"
"General Project","Ironworker","3289","2040","1249","10","2040","204","Day",2025-05-08 00:00:00.000,13,"1902","HSK"
"General Project","Ironworker","3289","2040","1249","10","2040","204","Day",2025-05-09 00:00:00.000,13,"1902","HSK"
"General Project","Ironworker","3289","2040","1249","10","2040","204","Day",2025-05-12 00:00:00.000,11,"1902","HSK"
"General Project","Ironworker","3289","2040","1249","10","2040","204","Day",2025-05-13 00:00:00.000,11,"1902","HSK"
"General Project","Ironworker","3289","2040","1249","10","2040","204","Day",2025-05-14 00:00:00.000,11,"1902","HSK"
"General Project","Ironworker","3289","2040","1249","10","2040","204","Day",2025-05-15 00:00:00.000,11,"1902","HSK"
"General Project","Ironworker","3289","2040","1249","10","2040","204","Day",2025-05-16 00:00:00.000,11,"1902","HSK"
"General Project","Ironworker","3289","2040","1249","10","2040","204","Day",2025-07-21 00:00:00.000,6,"1902","HSK"
"General Project","Ironworker","3289","2040","1249","10","2040","204","Day",2025-07-22 00:00:00.000,6,"1902","HSK"
"General Project","Ironworker","3289","2040","1249","10","2040","204","Day",2025-07-23 00:00:00.000,6,"1902","HSK"
"General Project","Ironworker","3289","2040","1249","10","2040","204","Day",2025-07-24 00:00:00.000,6,"1902","HSK"
"General Project","Ironworker","3289","2040","1249","10","2040","204","Day",2025-07-25 00:00:00.000,6,"1902","HSK"
"General Project","Ironworker","3289","2040","1249","10","2040","204","Day",2025-07-28 00:00:00.000,6,"1902","HSK"
"General Project","Ironworker","3289","2040","1249","10","2040","204","Day",2025-07-29 00:00:00.000,6,"1902","HSK"
"General Project","Ironworker","3289","2040","1249","10","2040","204","Day",2025-07-30 00:00:00.000,6,"1902","HSK"
"General Project","Ironworker","3289","2040","1249","10","2040","204","Day",2025-07-31 00:00:00.000,6,"1902","HSK"
"General Project","Ironworker","3289","2040","1249","10","2040","204","Day",2025-08-01 00:00:00.000,6,"1902","HSK"
"General Project","Boilermaker","30","440","-410","10","440","44","Day",2025-04-28 00:00:00.000,8,"1902","HSK"
"General Project","Boilermaker","30","440","-410","10","440","44","Day",2025-04-29 00:00:00.000,8,"1902","HSK"
"General Project","Boilermaker","30","440","-410","10","440","44","Day",2025-04-30 00:00:00.000,8,"1902","HSK"
"General Project","Boilermaker","30","440","-410","10","440","44","Day",2025-05-01 00:00:00.000,8,"1902","HSK"
"General Project","Boilermaker","30","440","-410","10","440","44","Day",2025-05-02 00:00:00.000,8,"1902","HSK"
"General Project","Boilermaker","30","440","-410","10","440","44","Day",2025-05-05 00:00:00.000,8,"1902","HSK"
"General Project","Boilermaker","30","440","-410","10","440","44","Day",2025-05-06 00:00:00.000,8,"1902","HSK"
"General Project","Boilermaker","30","440","-410","10","440","44","Day",2025-05-07 00:00:00.000,8,"1902","HSK"
"General Project","Boilermaker","30","440","-410","10","440","44","Day",2025-05-08 00:00:00.000,8,"1902","HSK"
"General Project","Boilermaker","30","440","-410","10","440","44","Day",2025-05-09 00:00:00.000,8,"1902","HSK"
"General Project","Boilermaker","30","440","-410","10","440","44","Day",2025-05-19 00:00:00.000,8,"1902","HSK"
"General Project","Boilermaker","30","440","-410","10","440","44","Day",2025-05-20 00:00:00.000,8,"1902","HSK"
"General Project","Boilermaker","30","440","-410","10","440","44","Day",2025-05-21 00:00:00.000,8,"1902","HSK"
"General Project","Boilermaker","30","440","-410","10","440","44","Day",2025-05-22 00:00:00.000,8,"1902","HSK"
"General Project","Boilermaker","30","440","-410","10","440","44","Day",2025-05-23 00:00:00.000,8,"1902","HSK"
"General Project","Boilermaker","30","440","-410","10","440","44","Day",2025-05-27 00:00:00.000,8,"1902","HSK"
"General Project","Boilermaker","30","440","-410","10","440","44","Day",2025-05-28 00:00:00.000,8,"1902","HSK"
"General Project","Boilermaker","30","440","-410","10","440","44","Day",2025-05-29 00:00:00.000,8,"1902","HSK"
"General Project","Boilermaker","30","440","-410","10","440","44","Day",2025-05-30 00:00:00.000,8,"1902","HSK"
"General Project","Boilermaker","30","440","-410","10","440","44","Day",2025-06-02 00:00:00.000,6,"1902","HSK"
"General Project","Boilermaker","30","440","-410","10","440","44","Day",2025-06-03 00:00:00.000,6,"1902","HSK"
"General Project","Boilermaker","30","440","-410","10","440","44","Day",2025-06-04 00:00:00.000,6,"1902","HSK"
"General Project","Boilermaker","30","440","-410","10","440","44","Day",2025-06-05 00:00:00.000,6,"1902","HSK"
"General Project","Boilermaker","30","440","-410","10","440","44","Day",2025-06-06 00:00:00.000,6,"1902","HSK"
"General Project","Boilermaker","30","440","-410","10","440","44","Day",2025-06-07 00:00:00.000,6,"1902","HSK"
"General Project","Boilermaker","30","440","-410","10","440","44","Day",2025-06-09 00:00:00.000,6,"1902","HSK"
"General Project","Boilermaker","30","440","-410","10","440","44","Day",2025-06-10 00:00:00.000,6,"1902","HSK"
"General Project","Boilermaker","30","440","-410","10","440","44","Day",2025-06-11 00:00:00.000,6,"1902","HSK"
"General Project","Boilermaker","30","440","-410","10","440","44","Day",2025-06-12 00:00:00.000,6,"1902","HSK"
"General Project","Boilermaker","30","440","-410","10","440","44","Day",2025-06-13 00:00:00.000,6,"1902","HSK"
"General Project","Boilermaker","30","440","-410","10","440","44","Day",2025-06-14 00:00:00.000,6,"1902","HSK"
"General Project","Boilermaker","30","440","-410","10","440","44","Day",2025-06-16 00:00:00.000,6,"1902","HSK"
"General Project","Boilermaker","30","440","-410","10","440","44","Day",2025-06-17 00:00:00.000,6,"1902","HSK"
"General Project","Boilermaker","30","440","-410","10","440","44","Day",2025-06-18 00:00:00.000,6,"1902","HSK"
"General Project","Boilermaker","30","440","-410","10","440","44","Day",2025-06-19 00:00:00.000,6,"1902","HSK"
"General Project","Boilermaker","30","440","-410","10","440","44","Day",2025-06-20 00:00:00.000,6,"1902","HSK"
"General Project","Boilermaker","30","440","-410","10","440","44","Day",2025-06-21 00:00:00.000,6,"1902","HSK"
"General Project","Boilermaker","30","440","-410","10","440","44","Day",2025-06-23 00:00:00.000,6,"1902","HSK"
"General Project","Boilermaker","30","440","-410","10","440","44","Day",2025-06-24 00:00:00.000,6,"1902","HSK"
"General Project","Boilermaker","30","440","-410","10","440","44","Day",2025-06-25 00:00:00.000,6,"1902","HSK"
"General Project","Boilermaker","30","440","-410","10","440","44","Day",2025-06-26 00:00:00.000,6,"1902","HSK"
"General Project","Boilermaker","30","440","-410","10","440","44","Day",2025-06-27 00:00:00.000,6,"1902","HSK"
"General Project","Boilermaker","30","440","-410","10","440","44","Day",2025-06-28 00:00:00.000,6,"1902","HSK"
"General Project","Boilermaker","30","440","-410","10","440","44","Day",2025-06-30 00:00:00.000,6,"1902","HSK"
"General Project","Boilermaker","30","440","-410","10","440","44","Day",2025-07-01 00:00:00.000,6,"1902","HSK"
"General Project","Boilermaker","30","440","-410","10","440","44","Day",2025-07-02 00:00:00.000,6,"1902","HSK"
"General Project","Boilermaker","30","440","-410","10","440","44","Day",2025-07-03 00:00:00.000,2,"1902","HSK"
"General Project","Boilermaker","30","440","-410","10","440","44","Day",2025-07-07 00:00:00.000,2,"1902","HSK"
"General Project","Boilermaker","30","440","-410","10","440","44","Day",2025-07-08 00:00:00.000,2,"1902","HSK"
"General Project","Boilermaker","30","440","-410","10","440","44","Day",2025-07-09 00:00:00.000,2,"1902","HSK"
"General Project","Boilermaker","30","440","-410","10","440","44","Day",2025-07-10 00:00:00.000,2,"1902","HSK"
"General Project","Boilermaker","30","440","-410","10","440","44","Day",2025-07-11 00:00:00.000,2,"1902","HSK"
"General Project","Boilermaker","30","440","-410","10","440","44","Day",2025-07-12 00:00:00.000,2,"1902","HSK"
"General Project","Boilermaker","30","440","-410","10","440","44","Day",2025-07-14 00:00:00.000,2,"1902","HSK"
"General Project","Boilermaker","30","440","-410","10","440","44","Day",2025-07-15 00:00:00.000,2,"1902","HSK"
"General Project","Boilermaker","30","440","-410","10","440","44","Day",2025-07-16 00:00:00.000,2,"1902","HSK"
"General Project","Boilermaker","30","440","-410","10","440","44","Day",2025-07-17 00:00:00.000,2,"1902","HSK"
"General Project","Boilermaker","30","440","-410","10","440","44","Day",2025-07-18 00:00:00.000,2,"1902","HSK"
"General Project","Boilermaker","30","440","-410","10","440","44","Day",2025-07-19 00:00:00.000,2,"1902","HSK"
"General Project","Boilermaker","30","440","-410","10","440","44","Day",2025-07-21 00:00:00.000,2,"1902","HSK"
"General Project","Boilermaker","30","440","-410","10","440","44","Day",2025-07-22 00:00:00.000,2,"1902","HSK"
"General Project","Boilermaker","30","440","-410","10","440","44","Day",2025-07-23 00:00:00.000,2,"1902","HSK"
"General Project","Boilermaker","30","440","-410","10","440","44","Day",2025-07-24 00:00:00.000,2,"1902","HSK"
"General Project","Boilermaker","30","440","-410","10","440","44","Day",2025-07-25 00:00:00.000,2,"1902","HSK"
"General Project","Boilermaker","30","440","-410","10","440","44","Day",2025-07-28 00:00:00.000,2,"1902","HSK"
"General Project","Boilermaker","30","440","-410","10","440","44","Day",2025-07-29 00:00:00.000,2,"1902","HSK"
"General Project","Boilermaker","30","440","-410","10","440","44","Day",2025-07-30 00:00:00.000,2,"1902","HSK"
"General Project","Boilermaker","30","440","-410","10","440","44","Day",2025-07-31 00:00:00.000,2,"1902","HSK"
"General Project","Boilermaker","30","440","-410","10","440","44","Day",2025-08-01 00:00:00.000,2,"1902","HSK"
"General Project","Ironworker","3289","2040","1249","10","2040","204","Day",2025-05-19 00:00:00.000,12,"1902","HSK"
"General Project","Ironworker","3289","2040","1249","10","2040","204","Day",2025-05-20 00:00:00.000,12,"1902","HSK"
"General Project","Ironworker","3289","2040","1249","10","2040","204","Day",2025-05-21 00:00:00.000,12,"1902","HSK"
"General Project","Ironworker","3289","2040","1249","10","2040","204","Day",2025-05-22 00:00:00.000,12,"1902","HSK"
"General Project","Ironworker","3289","2040","1249","10","2040","204","Day",2025-05-23 00:00:00.000,12,"1902","HSK"
"General Project","Ironworker","3289","2040","1249","10","2040","204","Day",2025-05-27 00:00:00.000,12,"1902","HSK"
"General Project","Ironworker","3289","2040","1249","10","2040","204","Day",2025-05-28 00:00:00.000,12,"1902","HSK"
"General Project","Ironworker","3289","2040","1249","10","2040","204","Day",2025-05-29 00:00:00.000,12,"1902","HSK"
"General Project","Ironworker","3289","2040","1249","10","2040","204","Day",2025-05-30 00:00:00.000,12,"1902","HSK"
"General Project","Ironworker","3289","2040","1249","10","2040","204","Day",2025-06-02 00:00:00.000,12,"1902","HSK"
"General Project","Ironworker","3289","2040","1249","10","2040","204","Day",2025-06-03 00:00:00.000,12,"1902","HSK"
"General Project","Ironworker","3289","2040","1249","10","2040","204","Day",2025-06-04 00:00:00.000,12,"1902","HSK"
"General Project","Ironworker","3289","2040","1249","10","2040","204","Day",2025-06-05 00:00:00.000,12,"1902","HSK"
"General Project","Ironworker","3289","2040","1249","10","2040","204","Day",2025-06-06 00:00:00.000,12,"1902","HSK"
"General Project","Ironworker","3289","2040","1249","10","2040","204","Day",2025-06-07 00:00:00.000,12,"1902","HSK"
"General Project","Ironworker","3289","2040","1249","10","2040","204","Day",2025-06-09 00:00:00.000,12,"1902","HSK"
"General Project","Ironworker","3289","2040","1249","10","2040","204","Day",2025-06-10 00:00:00.000,12,"1902","HSK"
"General Project","Ironworker","3289","2040","1249","10","2040","204","Day",2025-06-11 00:00:00.000,12,"1902","HSK"
"General Project","Ironworker","3289","2040","1249","10","2040","204","Day",2025-06-12 00:00:00.000,12,"1902","HSK"
"General Project","Ironworker","3289","2040","1249","10","2040","204","Day",2025-06-13 00:00:00.000,12,"1902","HSK"
"General Project","Ironworker","3289","2040","1249","10","2040","204","Day",2025-06-14 00:00:00.000,12,"1902","HSK"
"General Project","Ironworker","3289","2040","1249","10","2040","204","Day",2025-06-16 00:00:00.000,12,"1902","HSK"
"General Project","Ironworker","3289","2040","1249","10","2040","204","Day",2025-06-17 00:00:00.000,12,"1902","HSK"
"General Project","Ironworker","3289","2040","1249","10","2040","204","Day",2025-06-18 00:00:00.000,12,"1902","HSK"
"General Project","Ironworker","3289","2040","1249","10","2040","204","Day",2025-06-19 00:00:00.000,12,"1902","HSK"
"General Project","Ironworker","3289","2040","1249","10","2040","204","Day",2025-06-20 00:00:00.000,12,"1902","HSK"
"General Project","Ironworker","3289","2040","1249","10","2040","204","Day",2025-06-21 00:00:00.000,12,"1902","HSK"
"General Project","Ironworker","3289","2040","1249","10","2040","204","Day",2025-06-23 00:00:00.000,12,"1902","HSK"
"General Project","Ironworker","3289","2040","1249","10","2040","204","Day",2025-06-24 00:00:00.000,12,"1902","HSK"
"General Project","Ironworker","3289","2040","1249","10","2040","204","Day",2025-06-25 00:00:00.000,12,"1902","HSK"
"General Project","Ironworker","3289","2040","1249","10","2040","204","Day",2025-06-26 00:00:00.000,12,"1902","HSK"
"General Project","Ironworker","3289","2040","1249","10","2040","204","Day",2025-06-27 00:00:00.000,12,"1902","HSK"
"General Project","Ironworker","3289","2040","1249","10","2040","204","Day",2025-06-28 00:00:00.000,12,"1902","HSK"
"General Project","Ironworker","3289","2040","1249","10","2040","204","Day",2025-06-30 00:00:00.000,12,"1902","HSK"
"General Project","Ironworker","3289","2040","1249","10","2040","204","Day",2025-07-01 00:00:00.000,12,"1902","HSK"
"General Project","Ironworker","3289","2040","1249","10","2040","204","Day",2025-07-02 00:00:00.000,12,"1902","HSK"
"General Project","Ironworker","3289","2040","1249","10","2040","204","Day",2025-07-03 00:00:00.000,12,"1902","HSK"
"General Project","Ironworker","3289","2040","1249","10","2040","204","Day",2025-07-07 00:00:00.000,12,"1902","HSK"
"General Project","Ironworker","3289","2040","1249","10","2040","204","Day",2025-07-08 00:00:00.000,12,"1902","HSK"
"General Project","Ironworker","3289","2040","1249","10","2040","204","Day",2025-07-09 00:00:00.000,12,"1902","HSK"
"General Project","Ironworker","3289","2040","1249","10","2040","204","Day",2025-07-10 00:00:00.000,12,"1902","HSK"
"General Project","Ironworker","3289","2040","1249","10","2040","204","Day",2025-07-11 00:00:00.000,12,"1902","HSK"
"General Project","Ironworker","3289","2040","1249","10","2040","204","Day",2025-07-12 00:00:00.000,12,"1902","HSK"
"General Project","Ironworker","3289","2040","1249","10","2040","204","Day",2025-07-14 00:00:00.000,12,"1902","HSK"
"General Project","Ironworker","3289","2040","1249","10","2040","204","Day",2025-07-15 00:00:00.000,12,"1902","HSK"
"General Project","Ironworker","3289","2040","1249","10","2040","204","Day",2025-07-16 00:00:00.000,12,"1902","HSK"
"General Project","Ironworker","3289","2040","1249","10","2040","204","Day",2025-07-17 00:00:00.000,12,"1902","HSK"
"General Project","Ironworker","3289","2040","1249","10","2040","204","Day",2025-07-18 00:00:00.000,12,"1902","HSK"
"General Project","Ironworker","3289","2040","1249","10","2040","204","Day",2025-07-19 00:00:00.000,12,"1902","HSK"
"General Project","Boilermaker","30","440","-410","10","440","44","Day",2025-03-10 00:00:00.000,12,"1902","HSK"
"General Project","Boilermaker","30","440","-410","10","440","44","Day",2025-03-11 00:00:00.000,12,"1902","HSK"
"General Project","Boilermaker","30","440","-410","10","440","44","Day",2025-03-12 00:00:00.000,12,"1902","HSK"
"General Project","Boilermaker","30","440","-410","10","440","44","Day",2025-03-13 00:00:00.000,12,"1902","HSK"
"General Project","Boilermaker","30","440","-410","10","440","44","Day",2025-03-14 00:00:00.000,12,"1902","HSK"
"General Project","Boilermaker","30","440","-410","10","440","44","Day",2025-03-17 00:00:00.000,12,"1902","HSK"
"General Project","Boilermaker","30","440","-410","10","440","44","Day",2025-03-18 00:00:00.000,12,"1902","HSK"
"General Project","Boilermaker","30","440","-410","10","440","44","Day",2025-03-19 00:00:00.000,12,"1902","HSK"
"General Project","Boilermaker","30","440","-410","10","440","44","Day",2025-03-20 00:00:00.000,12,"1902","HSK"
"General Project","Boilermaker","30","440","-410","10","440","44","Day",2025-03-21 00:00:00.000,12,"1902","HSK"
"General Project","Boilermaker","30","440","-410","10","440","44","Day",2025-03-24 00:00:00.000,12,"1902","HSK"
"General Project","Boilermaker","30","440","-410","10","440","44","Day",2025-03-25 00:00:00.000,12,"1902","HSK"
"General Project","Boilermaker","30","440","-410","10","440","44","Day",2025-03-26 00:00:00.000,12,"1902","HSK"
"General Project","Boilermaker","30","440","-410","10","440","44","Day",2025-03-27 00:00:00.000,12,"1902","HSK"
"General Project","Boilermaker","30","440","-410","10","440","44","Day",2025-03-28 00:00:00.000,12,"1902","HSK"
"General Project","Boilermaker","30","440","-410","10","440","44","Day",2025-03-31 00:00:00.000,12,"1902","HSK"
"General Project","Boilermaker","30","440","-410","10","440","44","Day",2025-04-01 00:00:00.000,12,"1902","HSK"
"General Project","Boilermaker","30","440","-410","10","440","44","Day",2025-04-02 00:00:00.000,12,"1902","HSK"
"General Project","Boilermaker","30","440","-410","10","440","44","Day",2025-04-03 00:00:00.000,12,"1902","HSK"
"General Project","Boilermaker","30","440","-410","10","440","44","Day",2025-04-04 00:00:00.000,12,"1902","HSK"
"General Project","Boilermaker","30","440","-410","10","440","44","Day",2025-04-05 00:00:00.000,12,"1902","HSK"
"General Project","Boilermaker","30","440","-410","10","440","44","Day",2025-04-07 00:00:00.000,12,"1902","HSK"
"General Project","Boilermaker","30","440","-410","10","440","44","Day",2025-04-08 00:00:00.000,12,"1902","HSK"
"General Project","Boilermaker","30","440","-410","10","440","44","Day",2025-04-09 00:00:00.000,12,"1902","HSK"
"General Project","Boilermaker","30","440","-410","10","440","44","Day",2025-04-10 00:00:00.000,12,"1902","HSK"
"General Project","Boilermaker","30","440","-410","10","440","44","Day",2025-04-11 00:00:00.000,12,"1902","HSK"
"General Project","Boilermaker","30","440","-410","10","440","44","Day",2025-04-12 00:00:00.000,12,"1902","HSK"
"General Project","Boilermaker","30","440","-410","10","440","44","Day",2025-04-14 00:00:00.000,12,"1902","HSK"
"General Project","Boilermaker","30","440","-410","10","440","44","Day",2025-04-15 00:00:00.000,12,"1902","HSK"
"General Project","Boilermaker","30","440","-410","10","440","44","Day",2025-04-16 00:00:00.000,12,"1902","HSK"
"General Project","Boilermaker","30","440","-410","10","440","44","Day",2025-04-17 00:00:00.000,12,"1902","HSK"
"General Project","Boilermaker","30","440","-410","10","440","44","Day",2025-04-18 00:00:00.000,12,"1902","HSK"
"General Project","Boilermaker","30","440","-410","10","440","44","Day",2025-04-21 00:00:00.000,12,"1902","HSK"
"General Project","Boilermaker","30","440","-410","10","440","44","Day",2025-04-22 00:00:00.000,12,"1902","HSK"
"General Project","Boilermaker","30","440","-410","10","440","44","Day",2025-04-23 00:00:00.000,12,"1902","HSK"
"General Project","Boilermaker","30","440","-410","10","440","44","Day",2025-04-24 00:00:00.000,12,"1902","HSK"
"General Project","Boilermaker","30","440","-410","10","440","44","Day",2025-04-25 00:00:00.000,12,"1902","HSK"
"General Project","Boilermaker","30","440","-410","10","440","44","Day",2025-05-12 00:00:00.000,12,"1902","HSK"
"General Project","Boilermaker","30","440","-410","10","440","44","Day",2025-05-13 00:00:00.000,12,"1902","HSK"
"General Project","Boilermaker","30","440","-410","10","440","44","Day",2025-05-14 00:00:00.000,12,"1902","HSK"
"General Project","Boilermaker","30","440","-410","10","440","44","Day",2025-05-15 00:00:00.000,12,"1902","HSK"
"General Project","Boilermaker","30","440","-410","10","440","44","Day",2025-05-16 00:00:00.000,12,"1902","HSK"
"General Project","Pipefitter","2000","1360","640","10","1360","136","Day",2025-05-27 00:00:00.000,12,"1902","HSK"
"General Project","Pipefitter","2000","1360","640","10","1360","136","Day",2025-05-28 00:00:00.000,12,"1902","HSK"
"General Project","Pipefitter","2000","1360","640","10","1360","136","Day",2025-05-29 00:00:00.000,12,"1902","HSK"
"General Project","Pipefitter","2000","1360","640","10","1360","136","Day",2025-05-30 00:00:00.000,12,"1902","HSK"
"General Project","Pipefitter","2000","1360","640","10","1360","136","Day",2025-06-02 00:00:00.000,12,"1902","HSK"
"General Project","Pipefitter","2000","1360","640","10","1360","136","Day",2025-06-03 00:00:00.000,12,"1902","HSK"
"General Project","Pipefitter","2000","1360","640","10","1360","136","Day",2025-06-04 00:00:00.000,12,"1902","HSK"
"General Project","Pipefitter","2000","1360","640","10","1360","136","Day",2025-06-05 00:00:00.000,12,"1902","HSK"
"General Project","Pipefitter","2000","1360","640","10","1360","136","Day",2025-06-06 00:00:00.000,12,"1902","HSK"
"General Project","Pipefitter","2000","1360","640","10","1360","136","Day",2025-06-07 00:00:00.000,12,"1902","HSK"
"General Project","Pipefitter","2000","1360","640","10","1360","136","Day",2025-06-09 00:00:00.000,12,"1902","HSK"
"General Project","Pipefitter","2000","1360","640","10","1360","136","Day",2025-06-10 00:00:00.000,12,"1902","HSK"
"General Project","Pipefitter","2000","1360","640","10","1360","136","Day",2025-06-11 00:00:00.000,12,"1902","HSK"
"General Project","Pipefitter","2000","1360","640","10","1360","136","Day",2025-06-12 00:00:00.000,12,"1902","HSK"
"General Project","Pipefitter","2000","1360","640","10","1360","136","Day",2025-06-13 00:00:00.000,12,"1902","HSK"
"General Project","Pipefitter","2000","1360","640","10","1360","136","Day",2025-06-14 00:00:00.000,12,"1902","HSK"
"General Project","Pipefitter","2000","1360","640","10","1360","136","Day",2025-06-16 00:00:00.000,12,"1902","HSK"
"General Project","Pipefitter","2000","1360","640","10","1360","136","Day",2025-06-17 00:00:00.000,12,"1902","HSK"
"General Project","Pipefitter","2000","1360","640","10","1360","136","Day",2025-06-18 00:00:00.000,12,"1902","HSK"
"General Project","Pipefitter","2000","1360","640","10","1360","136","Day",2025-06-19 00:00:00.000,12,"1902","HSK"
"General Project","Pipefitter","2000","1360","640","10","1360","136","Day",2025-06-20 00:00:00.000,12,"1902","HSK"
"General Project","Pipefitter","2000","1360","640","10","1360","136","Day",2025-06-21 00:00:00.000,12,"1902","HSK"
"General Project","Pipefitter","2000","1360","640","10","1360","136","Day",2025-06-23 00:00:00.000,12,"1902","HSK"
"General Project","Pipefitter","2000","1360","640","10","1360","136","Day",2025-06-24 00:00:00.000,12,"1902","HSK"
"General Project","Pipefitter","2000","1360","640","10","1360","136","Day",2025-06-25 00:00:00.000,12,"1902","HSK"
"General Project","Pipefitter","2000","1360","640","10","1360","136","Day",2025-06-26 00:00:00.000,12,"1902","HSK"
"General Project","Pipefitter","2000","1360","640","10","1360","136","Day",2025-06-27 00:00:00.000,12,"1902","HSK"
"General Project","Pipefitter","2000","1360","640","10","1360","136","Day",2025-06-28 00:00:00.000,12,"1902","HSK"
"General Project","Millwright","0","0","0","10","0","0","Day",2025-03-10 00:00:00.000,2,"1902","HSK"
"General Project","Millwright","0","0","0","10","0","0","Day",2025-03-11 00:00:00.000,2,"1902","HSK"
"General Project","Millwright","0","0","0","10","0","0","Day",2025-03-12 00:00:00.000,2,"1902","HSK"
"General Project","Millwright","0","0","0","10","0","0","Day",2025-03-13 00:00:00.000,2,"1902","HSK"
"General Project","Millwright","0","0","0","10","0","0","Day",2025-03-14 00:00:00.000,2,"1902","HSK"
"General Project","Millwright","0","0","0","10","0","0","Day",2025-03-17 00:00:00.000,2,"1902","HSK"
"General Project","Millwright","0","0","0","10","0","0","Day",2025-03-18 00:00:00.000,2,"1902","HSK"
"General Project","Millwright","0","0","0","10","0","0","Day",2025-03-19 00:00:00.000,2,"1902","HSK"
"General Project","Millwright","0","0","0","10","0","0","Day",2025-03-20 00:00:00.000,2,"1902","HSK"
"General Project","Millwright","0","0","0","10","0","0","Day",2025-03-21 00:00:00.000,2,"1902","HSK"
"General Project","Millwright","0","0","0","10","0","0","Day",2025-03-24 00:00:00.000,2,"1902","HSK"
"General Project","Millwright","0","0","0","10","0","0","Day",2025-03-25 00:00:00.000,2,"1902","HSK"
"General Project","Millwright","0","0","0","10","0","0","Day",2025-03-26 00:00:00.000,2,"1902","HSK"
"General Project","Millwright","0","0","0","10","0","0","Day",2025-03-27 00:00:00.000,2,"1902","HSK"
"General Project","Millwright","0","0","0","10","0","0","Day",2025-03-28 00:00:00.000,2,"1902","HSK"
"General Project","Millwright","0","0","0","10","0","0","Day",2025-03-31 00:00:00.000,2,"1902","HSK"
"General Project","Millwright","0","0","0","10","0","0","Day",2025-04-01 00:00:00.000,2,"1902","HSK"
"General Project","Millwright","0","0","0","10","0","0","Day",2025-04-02 00:00:00.000,2,"1902","HSK"
"General Project","Millwright","0","0","0","10","0","0","Day",2025-04-03 00:00:00.000,2,"1902","HSK"
"General Project","Millwright","0","0","0","10","0","0","Day",2025-04-04 00:00:00.000,2,"1902","HSK"
"General Project","Millwright","0","0","0","10","0","0","Day",2025-04-05 00:00:00.000,2,"1902","HSK"
"General Project","Millwright","0","0","0","10","0","0","Day",2025-04-07 00:00:00.000,2,"1902","HSK"
"General Project","Millwright","0","0","0","10","0","0","Day",2025-04-08 00:00:00.000,2,"1902","HSK"
"General Project","Millwright","0","0","0","10","0","0","Day",2025-04-09 00:00:00.000,2,"1902","HSK"
"General Project","Millwright","0","0","0","10","0","0","Day",2025-04-10 00:00:00.000,2,"1902","HSK"
"General Project","Millwright","0","0","0","10","0","0","Day",2025-04-11 00:00:00.000,2,"1902","HSK"
"General Project","Millwright","0","0","0","10","0","0","Day",2025-04-12 00:00:00.000,2,"1902","HSK"
"General Project","Millwright","0","0","0","10","0","0","Day",2025-04-14 00:00:00.000,2,"1902","HSK"
"General Project","Millwright","0","0","0","10","0","0","Day",2025-04-15 00:00:00.000,2,"1902","HSK"
"General Project","Millwright","0","0","0","10","0","0","Day",2025-04-16 00:00:00.000,2,"1902","HSK"
"General Project","Millwright","0","0","0","10","0","0","Day",2025-04-17 00:00:00.000,2,"1902","HSK"
"General Project","Millwright","0","0","0","10","0","0","Day",2025-04-18 00:00:00.000,2,"1902","HSK"
"General Project","Millwright","0","0","0","10","0","0","Day",2025-04-21 00:00:00.000,2,"1902","HSK"
"General Project","Millwright","0","0","0","10","0","0","Day",2025-04-22 00:00:00.000,2,"1902","HSK"
"General Project","Millwright","0","0","0","10","0","0","Day",2025-04-23 00:00:00.000,2,"1902","HSK"
"General Project","Millwright","0","0","0","10","0","0","Day",2025-04-24 00:00:00.000,2,"1902","HSK"
"General Project","Millwright","0","0","0","10","0","0","Day",2025-04-25 00:00:00.000,2,"1902","HSK"
"General Project","Millwright","0","0","0","10","0","0","Day",2025-04-28 00:00:00.000,2,"1902","HSK"
"General Project","Millwright","0","0","0","10","0","0","Day",2025-04-29 00:00:00.000,2,"1902","HSK"
"General Project","Millwright","0","0","0","10","0","0","Day",2025-04-30 00:00:00.000,2,"1902","HSK"
"General Project","Millwright","0","0","0","10","0","0","Day",2025-05-01 00:00:00.000,2,"1902","HSK"
"General Project","Millwright","0","0","0","10","0","0","Day",2025-05-02 00:00:00.000,2,"1902","HSK"
"General Project","Millwright","0","0","0","10","0","0","Day",2025-05-05 00:00:00.000,2,"1902","HSK"
"General Project","Millwright","0","0","0","10","0","0","Day",2025-05-06 00:00:00.000,2,"1902","HSK"
"General Project","Millwright","0","0","0","10","0","0","Day",2025-05-07 00:00:00.000,2,"1902","HSK"
"General Project","Millwright","0","0","0","10","0","0","Day",2025-05-08 00:00:00.000,2,"1902","HSK"
"General Project","Millwright","0","0","0","10","0","0","Day",2025-05-09 00:00:00.000,2,"1902","HSK"
"General Project","Millwright","0","0","0","10","0","0","Day",2025-05-12 00:00:00.000,2,"1902","HSK"
"General Project","Millwright","0","0","0","10","0","0","Day",2025-05-13 00:00:00.000,2,"1902","HSK"
"General Project","Millwright","0","0","0","10","0","0","Day",2025-05-14 00:00:00.000,2,"1902","HSK"
"General Project","Millwright","0","0","0","10","0","0","Day",2025-05-15 00:00:00.000,2,"1902","HSK"
"General Project","Millwright","0","0","0","10","0","0","Day",2025-05-16 00:00:00.000,2,"1902","HSK"
"General Project","Millwright","0","0","0","10","0","0","Day",2025-05-19 00:00:00.000,2,"1902","HSK"
"General Project","Millwright","0","0","0","10","0","0","Day",2025-05-20 00:00:00.000,2,"1902","HSK"
"General Project","Millwright","0","0","0","10","0","0","Day",2025-05-21 00:00:00.000,2,"1902","HSK"
"General Project","Millwright","0","0","0","10","0","0","Day",2025-05-22 00:00:00.000,2,"1902","HSK"
"General Project","Millwright","0","0","0","10","0","0","Day",2025-05-23 00:00:00.000,2,"1902","HSK"
"General Project","Millwright","0","0","0","10","0","0","Day",2025-05-27 00:00:00.000,2,"1902","HSK"
"General Project","Millwright","0","0","0","10","0","0","Day",2025-05-28 00:00:00.000,2,"1902","HSK"
"General Project","Millwright","0","0","0","10","0","0","Day",2025-05-29 00:00:00.000,2,"1902","HSK"
"General Project","Millwright","0","0","0","10","0","0","Day",2025-05-30 00:00:00.000,2,"1902","HSK"
"General Project","Millwright","0","0","0","10","0","0","Day",2025-06-02 00:00:00.000,2,"1902","HSK"
"General Project","Millwright","0","0","0","10","0","0","Day",2025-06-03 00:00:00.000,2,"1902","HSK"
"General Project","Millwright","0","0","0","10","0","0","Day",2025-06-04 00:00:00.000,2,"1902","HSK"
"General Project","Millwright","0","0","0","10","0","0","Day",2025-06-05 00:00:00.000,2,"1902","HSK"
"General Project","Millwright","0","0","0","10","0","0","Day",2025-06-06 00:00:00.000,2,"1902","HSK"
"General Project","Millwright","0","0","0","10","0","0","Day",2025-06-09 00:00:00.000,2,"1902","HSK"
"General Project","Millwright","0","0","0","10","0","0","Day",2025-06-10 00:00:00.000,2,"1902","HSK"
"General Project","Millwright","0","0","0","10","0","0","Day",2025-06-11 00:00:00.000,2,"1902","HSK"
"General Project","Millwright","0","0","0","10","0","0","Day",2025-06-12 00:00:00.000,2,"1902","HSK"
"General Project","Millwright","0","0","0","10","0","0","Day",2025-06-13 00:00:00.000,2,"1902","HSK"
"General Project","Millwright","0","0","0","10","0","0","Day",2025-06-16 00:00:00.000,2,"1902","HSK"
"General Project","Millwright","0","0","0","10","0","0","Day",2025-06-17 00:00:00.000,2,"1902","HSK"
"General Project","Millwright","0","0","0","10","0","0","Day",2025-06-18 00:00:00.000,2,"1902","HSK"
"General Project","Millwright","0","0","0","10","0","0","Day",2025-06-19 00:00:00.000,2,"1902","HSK"
"General Project","Millwright","0","0","0","10","0","0","Day",2025-06-20 00:00:00.000,2,"1902","HSK"
"General Project","Millwright","0","0","0","10","0","0","Day",2025-06-23 00:00:00.000,2,"1902","HSK"
"General Project","Millwright","0","0","0","10","0","0","Day",2025-06-24 00:00:00.000,2,"1902","HSK"
"General Project","Millwright","0","0","0","10","0","0","Day",2025-06-25 00:00:00.000,2,"1902","HSK"
"General Project","Millwright","0","0","0","10","0","0","Day",2025-06-26 00:00:00.000,2,"1902","HSK"
"General Project","Millwright","0","0","0","10","0","0","Day",2025-06-27 00:00:00.000,2,"1902","HSK"
"General Project","Laborer","0","660","-660","10","660","66","Day",2025-03-10 00:00:00.000,5,"1902","HSK"
"General Project","Laborer","0","660","-660","10","660","66","Day",2025-03-11 00:00:00.000,5,"1902","HSK"
"General Project","Laborer","0","660","-660","10","660","66","Day",2025-03-12 00:00:00.000,5,"1902","HSK"
"General Project","Laborer","0","660","-660","10","660","66","Day",2025-03-13 00:00:00.000,5,"1902","HSK"
"General Project","Laborer","0","660","-660","10","660","66","Day",2025-03-14 00:00:00.000,5,"1902","HSK"
"General Project","Laborer","0","660","-660","10","660","66","Day",2025-03-17 00:00:00.000,5,"1902","HSK"
"General Project","Laborer","0","660","-660","10","660","66","Day",2025-03-18 00:00:00.000,5,"1902","HSK"
"General Project","Laborer","0","660","-660","10","660","66","Day",2025-03-19 00:00:00.000,5,"1902","HSK"
"General Project","Laborer","0","660","-660","10","660","66","Day",2025-03-20 00:00:00.000,5,"1902","HSK"
"General Project","Laborer","0","660","-660","10","660","66","Day",2025-03-21 00:00:00.000,5,"1902","HSK"
"General Project","Laborer","0","660","-660","10","660","66","Day",2025-03-24 00:00:00.000,5,"1902","HSK"
"General Project","Laborer","0","660","-660","10","660","66","Day",2025-03-25 00:00:00.000,5,"1902","HSK"
"General Project","Laborer","0","660","-660","10","660","66","Day",2025-03-26 00:00:00.000,5,"1902","HSK"
"General Project","Laborer","0","660","-660","10","660","66","Day",2025-03-27 00:00:00.000,5,"1902","HSK"
"General Project","Laborer","0","660","-660","10","660","66","Day",2025-03-28 00:00:00.000,5,"1902","HSK"
"General Project","Laborer","0","660","-660","10","660","66","Day",2025-03-31 00:00:00.000,5,"1902","HSK"
"General Project","Laborer","0","660","-660","10","660","66","Day",2025-04-01 00:00:00.000,5,"1902","HSK"
"General Project","Laborer","0","660","-660","10","660","66","Day",2025-04-02 00:00:00.000,5,"1902","HSK"
"General Project","Laborer","0","660","-660","10","660","66","Day",2025-04-03 00:00:00.000,5,"1902","HSK"
"General Project","Laborer","0","660","-660","10","660","66","Day",2025-04-04 00:00:00.000,5,"1902","HSK"
"General Project","Laborer","0","660","-660","10","660","66","Day",2025-04-05 00:00:00.000,5,"1902","HSK"
"General Project","Laborer","0","660","-660","10","660","66","Day",2025-04-07 00:00:00.000,5,"1902","HSK"
"General Project","Laborer","0","660","-660","10","660","66","Day",2025-04-08 00:00:00.000,5,"1902","HSK"
"General Project","Laborer","0","660","-660","10","660","66","Day",2025-04-09 00:00:00.000,5,"1902","HSK"
"General Project","Laborer","0","660","-660","10","660","66","Day",2025-04-10 00:00:00.000,5,"1902","HSK"
"General Project","Laborer","0","660","-660","10","660","66","Day",2025-04-11 00:00:00.000,5,"1902","HSK"
"General Project","Laborer","0","660","-660","10","660","66","Day",2025-04-12 00:00:00.000,5,"1902","HSK"
"General Project","Laborer","0","660","-660","10","660","66","Day",2025-04-14 00:00:00.000,5,"1902","HSK"
"General Project","Laborer","0","660","-660","10","660","66","Day",2025-04-15 00:00:00.000,5,"1902","HSK"
"General Project","Laborer","0","660","-660","10","660","66","Day",2025-04-16 00:00:00.000,5,"1902","HSK"
"General Project","Laborer","0","660","-660","10","660","66","Day",2025-04-17 00:00:00.000,5,"1902","HSK"
"General Project","Laborer","0","660","-660","10","660","66","Day",2025-04-18 00:00:00.000,5,"1902","HSK"
"General Project","Laborer","0","660","-660","10","660","66","Day",2025-04-21 00:00:00.000,5,"1902","HSK"
"General Project","Laborer","0","660","-660","10","660","66","Day",2025-04-22 00:00:00.000,5,"1902","HSK"
"General Project","Laborer","0","660","-660","10","660","66","Day",2025-04-23 00:00:00.000,5,"1902","HSK"
"General Project","Laborer","0","660","-660","10","660","66","Day",2025-04-24 00:00:00.000,5,"1902","HSK"
"General Project","Laborer","0","660","-660","10","660","66","Day",2025-04-25 00:00:00.000,5,"1902","HSK"
"General Project","Laborer","0","660","-660","10","660","66","Day",2025-04-28 00:00:00.000,5,"1902","HSK"
"General Project","Laborer","0","660","-660","10","660","66","Day",2025-04-29 00:00:00.000,5,"1902","HSK"
"General Project","Laborer","0","660","-660","10","660","66","Day",2025-04-30 00:00:00.000,5,"1902","HSK"
"General Project","Laborer","0","660","-660","10","660","66","Day",2025-05-01 00:00:00.000,5,"1902","HSK"
"General Project","Laborer","0","660","-660","10","660","66","Day",2025-05-02 00:00:00.000,5,"1902","HSK"
"General Project","Laborer","0","660","-660","10","660","66","Day",2025-05-05 00:00:00.000,5,"1902","HSK"
"General Project","Laborer","0","660","-660","10","660","66","Day",2025-05-06 00:00:00.000,5,"1902","HSK"
"General Project","Laborer","0","660","-660","10","660","66","Day",2025-05-07 00:00:00.000,5,"1902","HSK"
"General Project","Laborer","0","660","-660","10","660","66","Day",2025-05-08 00:00:00.000,5,"1902","HSK"
"General Project","Laborer","0","660","-660","10","660","66","Day",2025-05-09 00:00:00.000,5,"1902","HSK"
"General Project","Laborer","0","660","-660","10","660","66","Day",2025-05-12 00:00:00.000,9,"1902","HSK"
"General Project","Laborer","0","660","-660","10","660","66","Day",2025-05-13 00:00:00.000,9,"1902","HSK"
"General Project","Laborer","0","660","-660","10","660","66","Day",2025-05-14 00:00:00.000,9,"1902","HSK"
"General Project","Laborer","0","660","-660","10","660","66","Day",2025-05-15 00:00:00.000,9,"1902","HSK"
"General Project","Laborer","0","660","-660","10","660","66","Day",2025-05-16 00:00:00.000,9,"1902","HSK"
"General Project","Laborer","0","660","-660","10","660","66","Day",2025-05-19 00:00:00.000,6,"1902","HSK"
"General Project","Laborer","0","660","-660","10","660","66","Day",2025-05-20 00:00:00.000,6,"1902","HSK"
"General Project","Laborer","0","660","-660","10","660","66","Day",2025-05-21 00:00:00.000,6,"1902","HSK"
"General Project","Laborer","0","660","-660","10","660","66","Day",2025-05-22 00:00:00.000,6,"1902","HSK"
"General Project","Laborer","0","660","-660","10","660","66","Day",2025-05-23 00:00:00.000,6,"1902","HSK"
"General Project","Laborer","0","660","-660","10","660","66","Day",2025-05-27 00:00:00.000,6,"1902","HSK"
"General Project","Laborer","0","660","-660","10","660","66","Day",2025-05-28 00:00:00.000,6,"1902","HSK"
"General Project","Laborer","0","660","-660","10","660","66","Day",2025-05-29 00:00:00.000,6,"1902","HSK"
"General Project","Laborer","0","660","-660","10","660","66","Day",2025-05-30 00:00:00.000,6,"1902","HSK"
"General Project","Laborer","0","660","-660","10","660","66","Day",2025-06-02 00:00:00.000,6,"1902","HSK"
"General Project","Laborer","0","660","-660","10","660","66","Day",2025-06-03 00:00:00.000,6,"1902","HSK"
"General Project","Laborer","0","660","-660","10","660","66","Day",2025-06-04 00:00:00.000,6,"1902","HSK"
"General Project","Laborer","0","660","-660","10","660","66","Day",2025-06-05 00:00:00.000,6,"1902","HSK"
"General Project","Laborer","0","660","-660","10","660","66","Day",2025-06-06 00:00:00.000,6,"1902","HSK"
"General Project","Laborer","0","660","-660","10","660","66","Day",2025-06-07 00:00:00.000,6,"1902","HSK"
"General Project","Laborer","0","660","-660","10","660","66","Day",2025-06-09 00:00:00.000,6,"1902","HSK"
"General Project","Laborer","0","660","-660","10","660","66","Day",2025-06-10 00:00:00.000,6,"1902","HSK"
"General Project","Laborer","0","660","-660","10","660","66","Day",2025-06-11 00:00:00.000,6,"1902","HSK"
"General Project","Laborer","0","660","-660","10","660","66","Day",2025-06-12 00:00:00.000,6,"1902","HSK"
"General Project","Laborer","0","660","-660","10","660","66","Day",2025-06-13 00:00:00.000,6,"1902","HSK"
"General Project","Laborer","0","660","-660","10","660","66","Day",2025-06-14 00:00:00.000,6,"1902","HSK"
"General Project","Laborer","0","660","-660","10","660","66","Day",2025-06-16 00:00:00.000,6,"1902","HSK"
"General Project","Laborer","0","660","-660","10","660","66","Day",2025-06-17 00:00:00.000,6,"1902","HSK"
"General Project","Laborer","0","660","-660","10","660","66","Day",2025-06-18 00:00:00.000,6,"1902","HSK"
"General Project","Laborer","0","660","-660","10","660","66","Day",2025-06-19 00:00:00.000,6,"1902","HSK"
"General Project","Laborer","0","660","-660","10","660","66","Day",2025-06-20 00:00:00.000,6,"1902","HSK"
"General Project","Laborer","0","660","-660","10","660","66","Day",2025-06-21 00:00:00.000,6,"1902","HSK"
"General Project","Laborer","0","660","-660","10","660","66","Day",2025-06-23 00:00:00.000,3,"1902","HSK"
"General Project","Laborer","0","660","-660","10","660","66","Day",2025-06-24 00:00:00.000,3,"1902","HSK"
"General Project","Laborer","0","660","-660","10","660","66","Day",2025-06-25 00:00:00.000,3,"1902","HSK"
"General Project","Laborer","0","660","-660","10","660","66","Day",2025-06-26 00:00:00.000,3,"1902","HSK"
"General Project","Laborer","0","660","-660","10","660","66","Day",2025-06-27 00:00:00.000,3,"1902","HSK"
"General Project","Laborer","0","660","-660","10","660","66","Day",2025-06-28 00:00:00.000,3,"1902","HSK"
"General Project","Laborer","0","660","-660","10","660","66","Day",2025-06-30 00:00:00.000,3,"1902","HSK"
"General Project","Laborer","0","660","-660","10","660","66","Day",2025-07-01 00:00:00.000,3,"1902","HSK"
"General Project","Laborer","0","660","-660","10","660","66","Day",2025-07-02 00:00:00.000,3,"1902","HSK"
"General Project","Laborer","0","660","-660","10","660","66","Day",2025-07-03 00:00:00.000,3,"1902","HSK"
"General Project","Laborer","0","660","-660","10","660","66","Day",2025-07-07 00:00:00.000,3,"1902","HSK"
"General Project","Laborer","0","660","-660","10","660","66","Day",2025-07-08 00:00:00.000,3,"1902","HSK"
"General Project","Laborer","0","660","-660","10","660","66","Day",2025-07-09 00:00:00.000,3,"1902","HSK"
"General Project","Laborer","0","660","-660","10","660","66","Day",2025-07-10 00:00:00.000,3,"1902","HSK"
"General Project","Laborer","0","660","-660","10","660","66","Day",2025-07-11 00:00:00.000,3,"1902","HSK"
"General Project","Laborer","0","660","-660","10","660","66","Day",2025-07-12 00:00:00.000,3,"1902","HSK"
"General Project","Laborer","0","660","-660","10","660","66","Day",2025-07-14 00:00:00.000,3,"1902","HSK"
"General Project","Laborer","0","660","-660","10","660","66","Day",2025-07-15 00:00:00.000,3,"1902","HSK"
"General Project","Laborer","0","660","-660","10","660","66","Day",2025-07-16 00:00:00.000,3,"1902","HSK"
"General Project","Laborer","0","660","-660","10","660","66","Day",2025-07-17 00:00:00.000,3,"1902","HSK"
"General Project","Laborer","0","660","-660","10","660","66","Day",2025-07-18 00:00:00.000,3,"1902","HSK"
"General Project","Laborer","0","660","-660","10","660","66","Day",2025-07-19 00:00:00.000,3,"1902","HSK"
"General Project","Laborer","0","660","-660","10","660","66","Day",2025-07-21 00:00:00.000,3,"1902","HSK"
"General Project","Laborer","0","660","-660","10","660","66","Day",2025-07-22 00:00:00.000,3,"1902","HSK"
"General Project","Laborer","0","660","-660","10","660","66","Day",2025-07-23 00:00:00.000,3,"1902","HSK"
"General Project","Laborer","0","660","-660","10","660","66","Day",2025-07-24 00:00:00.000,3,"1902","HSK"
"General Project","Laborer","0","660","-660","10","660","66","Day",2025-07-25 00:00:00.000,3,"1902","HSK"
"General Project","Laborer","0","660","-660","10","660","66","Day",2025-07-28 00:00:00.000,3,"1902","HSK"
"General Project","Laborer","0","660","-660","10","660","66","Day",2025-07-29 00:00:00.000,3,"1902","HSK"
"General Project","Laborer","0","660","-660","10","660","66","Day",2025-07-30 00:00:00.000,3,"1902","HSK"
"General Project","Laborer","0","660","-660","10","660","66","Day",2025-07-31 00:00:00.000,3,"1902","HSK"
"General Project","Laborer","0","660","-660","10","660","66","Day",2025-08-01 00:00:00.000,3,"1902","HSK"
